id,name,description,location,starts_on,ends_on,org_name,org_id,category_names,theme,visibility
12256765,Corky's Dawg House and Hike,"Hot dawgs. Need we say more? Join Officers Betsy, Eleanor, and Jonah on a jaw-dropping (culinary) adventure of a lifetime! We will be doing a 6-mile hike in Pisgah National Forest (beginners encouraged!), followed by a delectable, juicy, life-changing, extravagant, and gourmet dawg. 1 dawg on us. C u there. register on rec.furman.edu",Rabbit Hole,2026-02-21T15:30:00+00:00,2026-02-21T23:30:00+00:00,Furman University Outdoors Club,183345,,Social,Public
11822570,Belay Your Boo,"Don't be scared... come climb at night... come hang for Halloween and climb with FUOC. (The spookiest thing may just be finding a boo) (jk come with or without whoever) Here is the late-night climbing event of the year, food will be served. Learn to climb or flash your skills, don't even worry about gear. Register on rec.furman.edu",Climb @ Blue Ridge,2025-10-31T02:00:00+00:00,2025-10-31T06:00:00+00:00,Furman University Outdoors Club,183345,,Social,Public
11843195,Belay Your Boo,"Don't be scared... come climb at night... come hang for Halloween and climb with FUOC. (The spookiest thing may just be finding a boo) (jk come with or without whoever) Here is the late-night climbing event of the year, food will be served. Learn to climb or flash your skills, don't even worry about gear.",Climb at Blue Ridge,2025-10-31T00:00:00+00:00,2025-10-31T05:00:00+00:00,Furman University Outdoors Club,183345,,Social,Public
11771081,Fall Break Backpacking,"Spend your Fall Break with FUOC in the Grayson Highlands! Join Officers Ronan, Jeff, Hope and Eleanor for views, fun, adventure, and ponies. Well spend 2 nights/3 days on the trail. Lots of fun to come! Register on rec.furman.edu",Rabbit Hole,2025-10-11T13:00:00+00:00,2025-10-11T22:30:00+00:00,Furman University Outdoors Club,183345,,Social,Public
11563859,Turtleback Falls trip,"Join us for an excellent hike to Turtleback Falls. After a delightful 1 to 2 mile hike, FUOC-ers can enjoy the blissful serenity of Turtleback Falls! Expect a natural waterslide, companionship, and fun. Please bring appropriate water gear + water. Sign up at rec.furman.edu!",Rabbit Hole,2025-09-07T13:00:00+00:00,2025-09-07T19:30:00+00:00,Furman University Outdoors Club,183345,,Social,Public
11190125,Ziplining Trip,"Come embrace the spring foliage of the beautiful green river gorge from above. Be a bird for a day with officers Lanie and Eleanor. March 22, 2025 beginning at 7:50-2:00pm. There are six available spots register on rec.furman.edu.",The Gorge Ziplines,2025-03-22T11:50:00+00:00,2025-03-22T18:00:00+00:00,Furman University Outdoor Club,183345,,Social,Public
10444868,Backpacking Sam Knob,Backpack the Sam Knob Loop in the Blue Ridge Mountains. We’ll camp one night on the trail on Laurel Creek and get to see views of the surrounding mountains from the top of Sam Knob and Devil’s Courthouse.,Sam Knob Trailhead,2024-09-21T12:00:00+00:00,2024-09-22T16:00:00+00:00,Furman University Outdoor Club,183345,,Social,Public
8901855,Dirt Church at Dupont State Forest,"Mtn bike ride at Dupont State Forest - all levels welcome, but mtn bikes and helmets are required. Bring water and a trail snack. We will be meeting in the North Chapel lot at Furman at 8:30am and then grabbing lunch after the ride. We should return to campus about 2pm. If you have any questions or want to RSVP, please email Dr. Simmons at aaron.simmons@furman.edu",Dupont State Forest,2023-02-19T13:30:00+00:00,2023-02-19T19:00:00+00:00,Furman University Outdoor Club,183345,,Athletics,Public
8856057,Caving at Worley's Cave,"Join FUOC for a day of caving at Worley's Cave in Bluff City, Tennessee. Worley's is a beautiful natural cave with living features and formations. Out guide will help us learn a bit about the life and geology of an undeveloped limestone cave. Worley’s Cave requires no prior caving experience. There are some mandatory tight passages with prolonged crawling. We provide all of the gear and an experienced guide. **RSVP through the Google Form on the weekly FUOC email**","Worley's Cave, Bluff City, TN",2023-02-18T18:00:00+00:00,2023-02-18T22:00:00+00:00,Furman University Outdoor Club,183345,Social Programmatic,Social,Public
8430291,ProjectROCK,"Get climbing on some of tallest indoor walls in the US! Officers Moultrie and Andrew will be leading a trip to this new, state-of-the-art climbing facility on October 15th so don't miss out! Learn some useful climbing techniques while scaling the hand-sculpted 85 foot walls modeled after real mountains from around the world. All skill levels welcome, so don't be afraid to sign up!",ProjectROCK Easley,2022-10-15T18:00:00+00:00,2022-10-15T21:00:00+00:00,Furman University Outdoor Club,183345,,Social,Public
8405495,"Crystal Mining at Diamond Hill Mine, SC","Join us for a day trip to dig your own quartz crystals & keep everything you find! Gloves and tools are provided by FUOC, and carpool will be arranged at the Rabbit Hole before we leave in the morning! Meet at the RH at 9am on Saturday, Oct. 15th! FUOC will pay for the first 15 people to RSVP! Everyone else will need to bring $20 cash to be able to dig for the day! Event caps at 25 people so sign up fast and tell your friends! Email officers Isabelle or Tyler with questions! (isabelle.jarvis@furman.edu, tewety5@furman.edu)",Diamond Hill Mine,2022-10-15T13:00:00+00:00,2022-10-15T21:00:00+00:00,Furman University Outdoor Club,183345,,Social,Public
8473534,Planting Trees with Trees Upstate,"We are joining with the local nonprofit TreesUpstate to plant trees in the Creekside Community of Greer, SC! We will be working in the common areas of the neighborhood, as well as assisting residents who need help planting on their private property. Gloves and shovels, as well as breakfast and lunch, will be provided to volunteers. We're planting over 50 trees! Fill out this form to participate! https://forms.gle/MfqPHKUTs1y7c1pj8 https://forms.gle/MfqPHKUTs1y7c1pj8","Greer, SC",2022-10-15T13:00:00+00:00,2022-10-15T16:00:00+00:00,Furman University Outdoor Club,183345,Community Service,CommunityService,Public
7984824,Sugar Mountain Ski Trip,"We will be skiing at Sugar Mountain in North Carolina. FUOC will pay for your lift passes. You will need to rent your own gear, but we can help you coordinate rides there.",Sugar Mountain,2022-03-20T10:30:00+00:00,2022-03-20T20:30:00+00:00,Furman University Outdoor Club,183345,,Social,Public
2878351,Save Our Saluda River Sweep,"River sweepers will meet at the Burger King/Spinx in Marietta (15-20 min north of FU) at 8:30am, then break into groups to clean different sites. Some groups may finish before this, but any group still working at noon will call it quits. One of the SOS board members has a cabin by one of the clean-up sites and is doing lunch for anyone who wants to come. If you are thinking about coming, please email clayton.burton@furman.edu for carpooling planning, etc. Saluda River Clean Up!: This is a great opportunity to get some service hours while enjoying a hike in the great outdoors. The Saluda River Cleanup is an annual event that FUOC always participates in. Email our advisor clayton.burton@furman.edu or our Treasurer David.lewis@furman.edu for more info!",Spinx / Burger King,2018-10-27T12:30:00+00:00,2018-10-27T16:00:00+00:00,Furman University Outdoor Club,183345,,CommunityService,Public
1951639,Mountain Biking,details to come,tbd,2018-04-07T16:00:00+00:00,2018-04-07T17:00:00+00:00,Furman University Outdoor Club,183345,,Athletics,Public
1951648,Holi Festival (CLP),"Not sure on time, location, or activities.",not sure,2018-04-06T16:00:00+00:00,2018-04-06T17:00:00+00:00,Furman University Outdoor Club,183345,CLP,Cultural,Public
1711244,FUOC Formal,"As the end of the year approaches, we have one big event still on our minds. FUOC FORMAL! The date has been changed! Our outdoor, chilling, grilling, dancing, hanging extraordinaire will now be on Friday April 21st. The event will be held off campus at one of our recent alumni's barn style house. Make your way to the rabbit hole at 5:00pm and we will caravan over to the location. Bring spike ball, footballs, or anything you might want to play There will be burgers and veggie burgers, fruit, chips, and smores. Also, we have teamed up with NGU again, so be expecting to meet some new friends or run into people you met at Rabbit Fest in the fall! The group will be leaving to head back to Furman at 9:00pm. If you can't make it for the entire event, no worries! Email kathleen.marsh@furman.edu and she will send you the address. If you plan on coming - even for just a bit - RSVP on the google doc below. https://docs.google.com/spreadsheets/d/14DFjG9A3ite5oQxPwZrhDhFsgCoPyoNliVb5gTsTbvw/edit?usp=sharing Please keep in mind that this is an event, just like every event, is for FUOC members. Some of y'all who get the weekly email have not yet submitted $10 and signed the waiver. This does not mean that we don't want you at Formal! It just means that on the RSVP sheet, you need to type ""no"" under member status and bring $10 with you on April 21st. FUOC philosophy is one centered around inclusion, but as an official Furman SGA sponsored club, we need to hold certain standards.",No location specified,2017-04-21T04:00:00+00:00,2017-04-21T04:00:00+00:00,Furman University Outdoor Club,183345,,Unknown,Public
1711697,Hike Mount Mitchell,contacts: Julia Britt & Susie Wold,No location specified,2017-04-08T04:00:00+00:00,2017-04-08T04:00:00+00:00,Furman University Outdoor Club,183345,,Unknown,Public
1711835,Flatwater paddle on Lake Jocassee,,No location specified,2017-03-31T04:00:00+00:00,2017-04-01T04:00:00+00:00,Furman University Outdoor Club,183345,,Unknown,Public
1708268,Intro to Whitewater Kayaking,"There are limited spots. To RSVP: email Clayton.Burton*at*Furman with your ph# If you have questions or need help finding the Rabbit Hole, call Clayton at 386-7582 Everyone is welcome! First time FUOCers, first time paddlers, old pro's at both! Come alone or with friends! The Lower Green is a perfect place to paddle whitewater for the first time. This trip will be good for all levels of paddlers. We'll start the day playing some games and learning basic, essential skills. Once we start downstream, there'll be opportunities to practice those and there'll also be plenty of opportunities to practice more advanced moves if you so choose. What to bring to the Lower Green: - Swim suit - towel - water shoes if you have them (neoprene booties are ideal) - lunch, which we'll eat before we put on - water Da Plan 9:00am: Meet at the Rabbit Hole (exit campus by the ""back"" gate by either the baseball field or the Timmons gate, then turn right onto Duncan Chapel Rd. Cross the Swamp Rabbit Trail and *immediately* turn left onto the driveway. It is totally adjacent to the Trail. Like the building's just 10' away from the asphalt of the trail) We'll get everyone fitted into boats & skirts, determine who's driving, load up and go. 9:45pm: start driving 11:00am: arrive at the Lower Green near Saluda, NC. Unload, run shuttle, have lunch, go over safety, learn strokes and techniques 12:00pm: eat lunch then put on and paddle to the 2nd bridge 4:00pm: get off river, load up, head home or out to eat 5:00pm: arrive home and pack everything back up neatly. If people are up for it, we can stop at a restaurant on the way home. To make sure we don't have more people than we have boats, make sure you RSVP.",Lower Green,2017-03-26T13:00:00+00:00,2017-03-26T21:00:00+00:00,Furman University Outdoor Club,183345,,Unknown,Public
1709657,Backpacking,intro to camping by Kincy Gibson (kincy.gibson2@furman.edu),No location specified,2016-04-02T04:00:00+00:00,2016-04-03T04:00:00+00:00,Furman University Outdoor Club,183345,,Unknown,Public
1709096,Red Cross First Aid/CPR training,We have 12 seats for the Red Cross's First Aid/CPR class: 1. Clayton Burton 2. Jack Horton 3. Kathleen Marsh 4. Noah Zimmerman 5. Brendan Lutz 6. Susie Wold 7. Brooks Dame 8. Maia Wellborn 9. Kincy Gibson 10. Julia Britt 11. Alex Aboutanos 12. Natalie Gallagher,No location specified,2016-03-20T18:00:00+00:00,2016-03-20T23:00:00+00:00,Furman University Outdoor Club,183345,,Unknown,Public
1711037,Caving Scouting - CANCELED,"Leaders-only trip heading over to Worleys Cave to freshen memories before leading the big trip there. Potentially, anyone is welcome, but you should either be a member of the FUOC leadership team or be a member willing to come on the actual trip and help out. Don't be shy! Night owls only! It'll be a fun, late night! Leaving campus at 4pm, getting back approx 10 hours later. Contact Clayton Burton and Susie Wold.",No location specified,2016-03-18T20:00:00+00:00,2016-03-19T07:00:00+00:00,Furman University Outdoor Club,183345,,Unknown,Public
1708468,Trail Run CANCELLED due to weather,by Miranda Upton & Kincy Adams,No location specified,2016-03-19T04:00:00+00:00,2016-03-19T04:00:00+00:00,Furman University Outdoor Club,183345,,Unknown,Public
1711577,Paris Mt Hike & Swim,Details TBD. See Will Lewis,No location specified,2015-09-12T04:00:00+00:00,2015-09-12T04:00:00+00:00,Furman University Outdoor Club,183345,,Unknown,Public
1711580,Table Rock Hike,TBD. See Brendan Lutz,No location specified,2015-09-05T04:00:00+00:00,2015-09-05T04:00:00+00:00,Furman University Outdoor Club,183345,,Unknown,Public
1708088,Lower Green Whitewater Paddling Trip,"If the trip is full, email Clayton.Burton /at/ Furman with your ph# and I'll put you on the waiting list. If you have questions or need help finding the Rabbit Hole, call Clayton at 386-7582 The Lower Green is a perfect place to paddle whitewater for the first time. This trip will be good for all levels of paddlers. We'll start the day playing some games and learning basic, essential skills. Once we start downstream, there'll be opportunities to practice those and there'll also be plenty of opportunities to practice more advanced moves if you so choose. What to bring to the Lower Green: - Swim suit - towel - watershoes if you have them (neoprene booties are ideal) - lunch, which we'll eat before we put on - water Da Plan 12:30pm: Meet at the Rabbit Hole (exit campus by the ""back"" gate by either the baseball field or the Timmons gate, then turn right onto Duncan Chapel Rd. Cross the Swamp Rabbit Trail and *immediately* turn left onto the driveway. It is totally adjacent to the Trail. Like the building's just 10' away from the asphalt of the trail) We'll get everyone fitted into boats & skirts, determine who's driving, load up and go. 1:15pm: start driving 2pm: arrive at the Lower Green near Saluda, NC. Unload, run shuttle, have lunch, go over safety, learn strokes and techniques 3pm: put on and paddle to the 2nd bridge 7pm: get off river, load up, head home 8pm: arrive home and pack everything back up neatly. If people are up for it, we can stop at a restaurant on the way home. To make sure we don't have more people than we have boats, make sure you RSVP.","Meet @ Rabbit Hole. Destination: Green River, near Saluda, NC",2015-08-30T04:00:00+00:00,2015-08-30T04:00:00+00:00,Furman University Outdoor Club,183345,,Unknown,Public
1708441,Lower Green Whitewater Paddling Trip,"If the trip is full, email Clayton.Burton /at/ Furman with your ph# and I'll put you on the waiting list. If you have questions or need help finding the Rabbit Hole, call Clayton at 386-7582 The Lower Green is a perfect place to paddle whitewater for the first time. This trip will be good for all levels of paddlers. We'll start the day learning the most basic and essential skills. Once we start downstream, there'll be opportunities to practice those and there'll also be plenty of opportunities to practice more advanced moves if you so choose. What to bring to the Lower Green: - Swim suit - towel - watershoes if you have them (neoprene booties are ideal) - money to help drivers pay for gas - lunch, which we'll eat before we put on - water Da Plan 9am: Meet at the Rabbit Hole (exit campus by the ""back"" gate by either the baseball field or the Timmons gate, then turn right onto Duncan Chapel Rd. Cross the Swamp Rabbit Trail and *immediately* turn left onto the driveway. It is totally adjacent to the Trail. Like the building's just 10' away from the asphalt of the trail) We'll get everyone fitted into boats & skirts, determine who's driving, load up and go. 10am: start driving 11am: arrive at the Lower Green near Saluda, NC. Unload, run shuttle, have lunch, go over safety, learn strokes and techniques 1pm: put on and paddle to the 2nd bridge 5pm: get off river, load up, head home 6:30pm: arrive home and pack everything back up neatly. If people are up for it, we can stop at a restaurant on the way home. To make sure we don't have more people than we have boats, make sure you RSVP in OrgSync. And if you have a vehicle that can carry kayaks, let Clayton know!","Meet @ Rabbit Hole. Destination: Green River, near Saluda, NC",2015-04-19T04:00:00+00:00,2015-04-19T04:00:00+00:00,Furman University Outdoor Club,183345,,Unknown,Public
1695667,Ocoee Rafting,"Our first big trip of the year! This is a ""double"" rafting trip - we're doing both the Upper and Middle sections of the Ocoee river! This includes the 1996 Olympic course! We leave from the Chapel Parking lot at 11:30am Sat morning. Cost is only $25 and that includes transportation, camping, some meals, and the rafting trip itself. Oh, and you get a t-shirt! Contact Eileen Brown and she'll save a seat for you and your friends!",Copper Hill. TN,2012-09-01T04:00:00+00:00,2012-09-02T04:00:00+00:00,Furman University Outdoor Club,183345,,Unknown,Public
1708361,Ski Trip!,"FUOC's annual Ski Trip to Snowshoe, WV! Leaving Friday afternoon, skiing all day Saturday and driving through Saturday night/Sunday morning to arrive back on campus early Sunday AM! Come out to the raffle Thursday 1/19 at 8:30 pm on the PDen stage for a chance to get tickets! Only $50/person ($100/pair)!","Snowshoe, WV",2012-02-10T17:00:00+00:00,2012-02-12T18:00:00+00:00,Furman University Outdoor Club,183345,,Unknown,Public
