poid,department,name,degree_type,requirements
3546,Africana Studies Program,"Africana Studies Humanities Track, B.A.",B.A.,"A major in Africana Studies must include:
  AFS-100 Introduction to Africana Studies
  AFS-400 Africana Studies Capstone Course
  ANT-202 Peoples of Africa and the African Diaspora or HST 145

Methods:
Students pursuing an AFS major will often choose this field as a second major; therefore, they will satisfy the methods requirement in that major. Students who declare AFS as their primary major will satisfy the methods requirement with ANT-401.
  ANT-401 Anthropological Theory
  HST-475 Senior Seminar in History
  REL-401 Theory and Method in the Study of Religion *

Humanities track electives:
Must take three courses chosen from:
  ANT-202 Peoples of Africa and the African Diaspora
  ANT-302 Anthropology of Race and Ethnicity
  BIO-344 African Biodiversity and Conservation
  COM-350 Lenses on Africa
  COM-318 African American Rhetoric
  COM-323 Race, Class and Gender in Media
  ENG-346 American Slavery and the Novel
  ENG-292 African-American Drama
  ENG-293 Literature of the South
  FRN-445 African Novel in French
  HST-351 Travel Study in Africa
  HST-224 American Civil War Era
  HST-229 African-American Experience
  HST-235 The Civil Rights Movement
  HST-236 The United States South
  MLL-245 African Literature
  PHL-320 Critical Philosophy of Race
  PHL-270 Africana Philosophies
  PHL-265 Philosophy and Hip-Hop
  PSY-319 Stereotyping, Prejudice, & Discrimination
  REL-344 Black Liberation and Womanist Theologies
  REL-276 Religion and Black Popular Culture
  REL-232 African-American Religious History
  REL-233 Martin Luther King and the Religion of Social Reform

One course in Art or Music from:
  MUS-102 Introduction to Jazz
  MUS-220 Music and Culture

One Social Science course"
3547,Africana Studies Program,"Africana Studies Social Sciences Track, B.A.",B.A.,"A major in Africana Studies must include:
  AFS-100 Introduction to Africana Studies
  AFS-400 Africana Studies Capstone Course
  ANT-202 Peoples of Africa and the African Diaspora or HST 145

Methods:
Students pursuing an AFS major will often choose this field as a second major; therefore, they will satisfy the methods requirement in that major. Students who declare AFS as their primary major will satisfy the methods requirement with ANT-401.
  POL-150 Introduction to Political Analysis
  PSY-201 Research Methods in Psychology *
  SOC-303 Quantitative Research Seminar *
  SOC-304 Qualitative Research Seminar *

Social Sciences track electives:
Choose three courses from:
  BIO-344 African Biodiversity and Conservation
  ECN-237 Economics of Poverty and Inequality
  POL-204 Civil Rights and the United States Constitution
  POL-208 Urban Politics
  POL-209 Southern Politics
  POL-210 Interest Groups and Political Movements
  POL-211 Racial and Ethnic Politics
  POL-219 Crime and Policing
  POL-224 Politics of Africa
  POL-274 Black Political Thought
  POL-442 Issues in African Politics
  PSY-319 Stereotyping, Prejudice, & Discrimination
  SOC-223 Urban Community
  SOC-243 Race and Ethnic Relations
  SOC-251 Social Movements and Collective Behavior

One course in Art or Music from:
  MUS-102 Introduction to Jazz
  MUS-220 Music and Culture

One Humanities course"
3464,Anthropology,"Anthropology, B.A.",B.A.,"A major in anthropology consists of nine four-credit courses (36 credits) and must include:
  ANT-101 Introduction to Anthropology
  ANT-105 Introduction to Archaeology
  ANT-304 Archaeology Method and Theory or ANT-305 Practicing Anthropology
  ANT-401 Anthropological Theory

At least two courses numbered between 200 and 299 from the following
  ANT-202 Peoples of Africa and the African Diaspora
  ANT-203 Peoples and Cultures of the World
  ANT-204 Modern Japanese Society through Films
  ANT-205 Japanese Popular Culture
  ANT-230 Biological Anthropology
  ANT-250 Race and the US Criminal Justice System
  ANT-253 Anthropology of Development in Latin America
  ANT-254 The Power and Politics of Black Foodways
  ANT-258 Women in Africa and the African Diaspora
  ANT-262 Magic and Religion
  ANT-263 Environmental Anthropology
  ANT-264 Psychological Anthropology
  AST-215 Archaeology of East Asia
  AST-240 Archaeology of the Silk Road
  AST-250 Human Development in Contemporary Asia
  AST-270 Languages of Asia
  CLS-211 Classical Archaeology
  JPN-225 Japanese Cinema
  LNG-210 General Linguistics
  LNG-220 Linguistic Analysis
  LNG-230 Language as Cultural Phenomenon
  LNG-240 The Origin of Language
  REL-223 Hindu Cultures and Religious Worlds
  REL-227 Religions of South Asia

And, at least one additional course numbered between 300 and 399 from the following
  ANT-302 Anthropology of Race and Ethnicity
  ANT-304 Archaeology Method and Theory
  ANT-305 Practicing Anthropology
  ANT-327 Feminist Anthropology
  REL-325 Women and Power in Hinduism
  SUS-320 Consumption and Culture
  SUS-325 Conservation and Communities

Additional Requirements"
3468,Art,"Art History, B.A.",B.A.,"Majors must complete:
  ART-135 Understanding Art: Connecting Objects & Histories
  ART-360 Problematizing the Canon
  ART-340 Curatorial Issues and Practices or ART-350 Methodologies of Art History or HUM-502 Humanities Lab , and

First-Year Students
If you are interested in exploring classes within this department, here are some possibilities to consider:
Entry Level Courses with GER: VP ( Visual and Performing Arts)
  ART-111 Introduction to Design
  ART-112 Introduction to Sculpture
  ART-113 Introduction to Painting
  ART-124 Introduction to Drawing
  ART-135 Understanding Art: Connecting Objects & Histories"
3467,Art,"Studio Art, B.A.",B.A.,"Majors must complete:
  ART-111 Introduction to Design
  ART-112 Introduction to Sculpture
  ART-113 Introduction to Painting
  ART-124 Introduction to Drawing
  ART-135 Understanding Art: Connecting Objects & Histories
  ART-205 Darkroom Photography or ART-206 Digital Photography
  ART-299 Studio Practicum (must be in residence)
  ART-401 Studio Seminar I (must be in residence)
  ART-402 Studio Seminar II (must be in residence)

12 credits of elective courses:
Select 4 credits from Studio Art, 4 credits from Art History, and 4 additional credits from either Studio Art or Art History

Studio Art
  ART-200 Introduction to Ceramics
  ART-201 Themes in Ceramics
  ART-204 Themes in Painting
  ART-205 Darkroom Photography
  ART-206 Digital Photography
  ART-207 Printmaking
  ART-210 Themes in Sculpture
  ART-211 Commercial Photography
  ART-215 Study Away Photography
  ART-221 Editorial Layout and Design
  ART-222 Media Art
  ART-223 Typography
  ART-225 Digital Illustration
  ART-226 Themes in Drawing
  ART-501 Independent Study
  ART-503 Individualized Internship

Art History
  ART-246 Twentieth Century Art
  ART-251 Contemporary Art Since 1960
  ART-252 Women and the Arts
  ART-253 Art & Death
  ART-254 History of Photography
  ART-255 Living in a Material World: Unexpected Art Objects
  ART-256 Art & Politics
  ART-257 The Revolution of Print
  ART-258 Embodied Representations: Art, Bodies, & Identities
  ART-259 History of Design
  ART-263 Arts of Japan
  ART-265 Museums Are Not Neutral

4 additional credits of upper-level Studio Art:
  ART-300 3D Portfolio
  ART-301 Life Studies
  ART-302 2D Portfolio
  ART-303 Photographic Essay
  ART-320 Brand Design
  ART-321 Logos and Symbols

First-Year Students
If your are interested in exploring classes within this department, here are some possibilities to consider:
Entry Level Courses with GER: VP (Visual and Performing Arts)
  ART-111 Introduction to Design
  ART-112 Introduction to Sculpture
  ART-113 Introduction to Painting
  ART-124 Introduction to Drawing
  ART-135 Understanding Art: Connecting Objects & Histories
  ART-200 Introduction to Ceramics
  ART-205 Darkroom Photography
  ART-206 Digital Photography"
3469,Asian Studies,"Asian Studies, B.A.",B.A.,"To successfully fulfill major requirements, students must complete at least twelve courses (48 credits), from at least four different prefixes and focusing on at least three different regions (China, Japan, South Asia, or Pan-Asia) including:
  AST-470 Seminar in Asian Studies
  AST-200 Introduction to Asian Studies

Ten courses (40 credits) drawn from the following (including at least three non-language courses):
  CHN-110 Elementary Chinese I
  CHN-120 Elementary Chinese II
  CHN-201 Intermediate Chinese I
  CHN-202 Intermediate Chinese II
  CHN-301 Intermediate Chinese III
  CHN-302 Intermediate Chinese IV
  CHN-401 Advanced Chinese I
  CHN-402 Advanced Chinese II
  CHN-403 Chinese through Film and Media
  CHN-404 Classical Chinese
  JPN-110 Elementary Japanese I
  JPN-120 Elementary Japanese II
  JPN-201 Intermediate Japanese I
  JPN-202 Intermediate Japanese II
  JPN-301 Intermediate Japanese III
  JPN-302 Intermediate Japanese IV
  JPN-401 Advanced Japanese I
  JPN-402 Advanced Japanese II
  JPN-403 Advanced Japanese III
  JPN-404 Advanced Japanese IV
  ANT-204 Modern Japanese Society through Films
  ANT-205 Japanese Popular Culture
  ANT-209 Gender in East Asia
  ART-263 Arts of Japan
  AST-215 Archaeology of East Asia
  AST-220 Ramayana
  AST-221 South Asian Music and Popular Culture
  AST-225 Premodern Literature of India
  AST-240 Archaeology of the Silk Road
  AST-250 Human Development in Contemporary Asia
  AST-255 Poverty, Gender and Development in India
  AST-260 Environment and Health in India
  AST-270 Languages of Asia
  CHN-225 Chinese Film
  CHN-230 Survey of Chinese Literature
  CHN-235 Classic Chinese Fiction
  CHN-240 Chinese Civilization
  CHN-245 Twentieth Century Chinese Literature
  CHN-246 Twentieth Century Chinese Popular Fiction
  CHN-320 Travel Study in Chinese Culture
  ECN-245 Development Economics
  HST-155 South Asia in the Ancient and Early Modern World
  HST-156 India in the Modern World
  HST-161 Japan in the Ancient and Early Modern World
  HST-162 Japan in the Modern World
  HST-165 China in the Ancient and Early Modern World
  HST-166 China in the Modern World
  HST-256 Women and Gender in India
  HST-268 Twentieth Century China
  HST-355 Travel Study in India
  JPN-225 Japanese Cinema
  JPN-235 Classical Japanese Literature
  JPN-245 Modern Japanese Literature
  PHL-220 Realizing Bodymind
  PHL-230 Indian Philosophy
  PHL-240 Chinese Philosophy
  PHL-250 Japanese Philosophy
  POL-226 Politics of China
  POL-229 Politics of Asia
  REL-223 Hindu Cultures and Religious Worlds
  REL-224 Introduction to Buddhism
  REL-227 Religions of South Asia
  REL-320 Sexuality and Gender in Buddhism
  REL-325 Women and Power in Hinduism
  REL-328 Religions in Japan"
3470,Asian Studies,"Chinese Studies, B.A.",B.A.,"Majors must complete AST-200 plus at least eleven courses (44 credits) focused on China, with at least four courses having a prefix other than CHN. The following courses are required for all majors:
  AST-200 Introduction to Asian Studies
  AST-470 Seminar in Asian Studies (focused on China)

At least three Chinese language courses beyond CHN 201:
  CHN-110 Elementary Chinese I
  CHN-120 Elementary Chinese II
  CHN-201 Intermediate Chinese I
  CHN-202 Intermediate Chinese II
  CHN-301 Intermediate Chinese III
  CHN-302 Intermediate Chinese IV
  CHN-401 Advanced Chinese I
  CHN-402 Advanced Chinese II

At least three China focused courses (12 credits) from the following:
  AST-215 Archaeology of East Asia
  AST-240 Archaeology of the Silk Road
  CHN-225 Chinese Film
  CHN-230 Survey of Chinese Literature
  CHN-235 Classic Chinese Fiction
  CHN-240 Chinese Civilization
  CHN-245 Twentieth Century Chinese Literature
  CHN-246 Twentieth Century Chinese Popular Fiction
  CHN-320 Travel Study in Chinese Culture
  CHN-403 Chinese through Film and Media
  CHN-404 Classical Chinese
  HST-165 China in the Ancient and Early Modern World
  HST-166 China in the Modern World
  HST-268 Twentieth Century China
  PHL-240 Chinese Philosophy
  POL-226 Politics of China
  POL-443 Issues in Chinese Politics

Only 1 of the following Pan-Asian courses may count toward the total of 12 courses:
  ANT-209 Gender in East Asia
  AST-250 Human Development in Contemporary Asia
  AST-270 Languages of Asia
  PHL-220 Realizing Bodymind
  POL-229 Politics of Asia
  REL-320 Sexuality and Gender in Buddhism
  REL-224 Introduction to Buddhism"
3471,Asian Studies,"Japanese Studies, B.A.",B.A.,"Majors must complete AST-200 plus at least eleven courses (44 credits) focused on Japan, with at least four courses having a prefix other than JPN. The following courses are required for all majors:
  AST-200 Introduction to Asian Studies
  AST-470 Seminar in Asian Studies (focused on Japan)

At least three Japanese courses beyond JPN 201:
  JPN-110 Elementary Japanese I
  JPN-120 Elementary Japanese II
  JPN-201 Intermediate Japanese I
  JPN-202 Intermediate Japanese II
  JPN-301 Intermediate Japanese III
  JPN-302 Intermediate Japanese IV
  JPN-401 Advanced Japanese I
  JPN-402 Advanced Japanese II
  JPN-403 Advanced Japanese III
  JPN-404 Advanced Japanese IV

At least three Japan focused courses (12 credits) from the following:
  ANT-204 Modern Japanese Society through Films
  ANT-205 Japanese Popular Culture
  ART-263 Arts of Japan
  HST-161 Japan in the Ancient and Early Modern World
  HST-162 Japan in the Modern World
  JPN-225 Japanese Cinema
  JPN-235 Classical Japanese Literature
  JPN-245 Modern Japanese Literature
  PHL-250 Japanese Philosophy
  REL-328 Religions in Japan

Only 1 of the following Pan-Asian courses may count toward the total of 12 courses:
  ANT-209 Gender in East Asia
  AST-250 Human Development in Contemporary Asia
  AST-270 Languages of Asia
  PHL-220 Realizing Bodymind
  POL-229 Politics of Asia
  REL-224 Introduction to Buddhism
  REL-320 Sexuality and Gender in Buddhism"
3466,Biology,"Biology, B.A.",B.A.,"To fulfill major requirements, students must successfully complete ten or more biology courses, each of which must be at least three credits, and include:
  BIO-111 Foundations of Biology
  BIO-210 Genetics or BIO-211 Molecular Genetics or BIO-212 Human Genetics or BIO-213 Population Genetics and Evolution
  BIO-222 Research and Analysis
  One capstone course: BIO-501 Independent Study or BIO-503 Individualized Internship or BIO-508 Supervised Research or BIO-510 Thesis
  BIO-075 Seminar in Biology

at least one course from two of the following three groups:

Cell and Molecular Biology
  BIO-300 Cell Biology
  BIO-301 Microbiology
  BIO-303 Biochemistry of the Cell
  BIO-425 Developmental Biology
  BIO-445 Genomics and Bioinformatics
  BIO-450 Microanatomy
  BIO-455 Neurochemistry
  BIO-460 Neurobiology
  BIO-470 Immunology

Physiology
  BIO-320 Animal Physiology
  BIO-321 Plant Physiology
  BIO-322 Human Physiology

Ecology and Environmental Biology
  BIO-340 Ecology
  BIO-343 Environmental Systems
  BIO-344 African Biodiversity and Conservation
  BIO-345 Field Ecology
  BIO-346 Forest Ecology
  BIO-430 Conservation Biology
  BIO-431 Landscape Ecology and Conservation
  BIO-434 Ecology and Management of Great Smoky Mountains
  BIO-435 Agroecology

Additional requirements

Further Considerations
Substitutions
B.A. students whose career preparations require successful completion of science and mathematics courses outside of biology may substitute one course from those areas for certain biology courses with the approval of the department chair.  Moreover, two 2-credit biology courses numbered 200 or greater completed during the May Experience can be combined to fulfill one of the elective course requirements for either the B.A. or B.S. degree."
3465,Biology,"Biology, B.S. Biomedical Sciences track",B.S.,"Biomedical Sciences track
Biomedical Sciences (BMS) Track

To fulfill BMS track requirements, students must complete ten or more biology courses, each of which must be at least three credits. They must also complete three chemistry courses for a total of 13 credit-bearing science courses:
  BIO-111 Foundations of Biology
  BIO-222 Research and Analysis
  One capstone course: BIO-503 Individualized Internship or BIO-508 Supervised Research or BIO-510 Thesis
  BIO-075 Seminar in Biology

at least one course from each of the following four groups:

Genetics
  BIO-210 Genetics
  BIO-211 Molecular Genetics
  BIO-212 Human Genetics
  BIO-213 Population Genetics and Evolution

Cell and Molecular Biology
  BIO-300 Cell Biology
  BIO-301 Microbiology
  BIO-303 Biochemistry of the Cell
  BIO-425 Developmental Biology
  BIO-445 Genomics and Bioinformatics
  BIO-450 Microanatomy
  BIO-455 Neurochemistry
  BIO-460 Neurobiology
  BIO-470 Immunology

Physiology
  BIO-320 Animal Physiology
  BIO-321 Plant Physiology
  BIO-322 Human Physiology

Ecology and Environmental Biology
  BIO-340 Ecology
  BIO-343 Environmental Systems
  BIO-344 African Biodiversity and Conservation
  BIO-345 Field Ecology
  BIO-346 Forest Ecology
  BIO-430 Conservation Biology
  BIO-431 Landscape Ecology and Conservation
  BIO-434 Ecology and Management of Great Smoky Mountains
  BIO-435 Agroecology

Additional requirements
  CHM-110 Foundations of Chemistry or CHM-111 General Chemistry - Exam Equivalency
  CHM-115 Kinetics, Thermodynamics and the Environment
  CHM-120 Organic Chemistry I

Further Considerations
Substitutions
BMS Students whose career preparations require successful completion of science and mathematics courses outside of biology may substitute one course from those areas for certain biology courses with the approval of the department chair.  Moreover, two 2-credit biology courses numbered 200 or greater completed during the May Experience can be combined to fulfill one of the elective course requirements for either the B.A. or B.S. degree."
3539,Biology,"Biology, B.S. Cell and Molecular Biology track",B.S.,"To fulfill CMB track requirements, students must complete 10 or more biology courses, each of which must be at least three credits. They must also complete three chemistry courses for a total of 13 credit-bearing science courses:
  BIO-111 Foundations of Biology
  BIO-222 Research and Analysis
  BIO-300 Cell Biology
  One capstone course: BIO-508 Supervised Research or BIO-510 Thesis
  BIO-075 Seminar in Biology

At least one course from each of the following four groups:

Genetics
  BIO-210 Genetics
  BIO-211 Molecular Genetics
  BIO-212 Human Genetics
  BIO-213 Population Genetics and Evolution

Cell and Molecular Biology
  BIO-301 Microbiology
  BIO-303 Biochemistry of the Cell
  BIO-425 Developmental Biology
  BIO-445 Genomics and Bioinformatics
  BIO-450 Microanatomy
  BIO-455 Neurochemistry
  BIO-460 Neurobiology
  BIO-470 Immunology

Anatomy and Physiology
  BIO-320 Animal Physiology
  BIO-321 Plant Physiology
  BIO-322 Human Physiology
  BIO-420 Comparative Anatomy and Embryology
  BIO-426 Human Anatomical Systems
  BIO-444 Pharmacology and Toxicology
  BIO-475 Nutrition

Ecology and Environmental Biology
  BIO-340 Ecology
  BIO-343 Environmental Systems
  BIO-344 African Biodiversity and Conservation
  BIO-345 Field Ecology
  BIO-346 Forest Ecology
  BIO-430 Conservation Biology
  BIO-431 Landscape Ecology and Conservation
  BIO-434 Ecology and Management of Great Smoky Mountains
  BIO-435 Agroecology

Additional requirements
  CHM-110 Foundations of Chemistry or CHM-111 General Chemistry - Exam Equivalency
  CHM-115 Kinetics, Thermodynamics and the Environment
  CHM-120 Organic Chemistry I

Further Considerations
Substitutions
CMB students whose career preparations require successful completion of science and mathematics courses outside of biology may substitute one course from those areas for certain biology courses with the approval of the department chair.  Moreover, two 2-credit biology courses numbered 200 or greater completed during the May Experience can be combined to fulfill one of the elective course requirements for either the B.A. or B.S. degree."
3540,Biology,"Biology, B.S. Environmental and Conservation Biology track",B.S.,"To fulfill ECB track requirements, students must complete 10 or more biology courses, each of which must be at least three credits. They must also complete at least one chemistry course for a total of 13 credit-bearing science courses:
  BIO-111 Foundations of Biology
  BIO-222 Research and Analysis
  One capstone course: BIO-503 Individualized Internship or BIO-508 Supervised Research or BIO-510 Thesis
  BIO-075 Seminar in Biology
  BIO-340 Ecology or BIO-345 Field Ecology
  BIO-430 Conservation Biology or BIO-431 Landscape Ecology and Conservation

At least one course from each of the following four groups:

Diversity of Life
  BIO-230 Nature of Diversity
  BIO-400 Field Botany
  BIO-421 Invertebrate Zoology
  BIO-422 Field Zoology
  BIO-423 Marine Biology

Genetics
  BIO-210 Genetics
  BIO-211 Molecular Genetics
  BIO-212 Human Genetics
  BIO-213 Population Genetics and Evolution

Cell and Molecular Biology
  BIO-300 Cell Biology
  BIO-301 Microbiology
  BIO-303 Biochemistry of the Cell
  BIO-425 Developmental Biology
  BIO-445 Genomics and Bioinformatics
  BIO-450 Microanatomy
  BIO-455 Neurochemistry
  BIO-460 Neurobiology
  BIO-470 Immunology

Anatomy and Physiology
  BIO-320 Animal Physiology
  BIO-321 Plant Physiology
  BIO-322 Human Physiology
  BIO-420 Comparative Anatomy and Embryology
  BIO-426 Human Anatomical Systems
  BIO-444 Pharmacology and Toxicology
  BIO-475 Nutrition

Additional requirements
  CHM-110 Foundations of Chemistry or CHM-111 General Chemistry - Exam Equivalency

Further Considerations
Substitutions
ECB students whose career preparations require successful completion of science and mathematics courses outside of biology may substitute up to two courses from those areas for certain biology courses with the approval of the department chair.  Moreover, two 2-credit biology courses numbered 200 or greater completed during the May Experience can be combined to fulfill one of the elective course requirements for either the B.A. or B.S. degree. As well, two 2-credit biology courses numbered 200 or greater completed during the May Experience and with diversity foci, as approved by the departmental chair, can be used to fulfill the Diversity of Life requirement of the ECB track."
3541,Biology,"Biology, B.S. Integrative Biology track",B.S.,"To fulfill IB track requirements, students must complete 10 or more biology courses, each of which must be at least three credits. They must also complete at least two chemistry courses for a total of 13 credit-bearing science courses:
  BIO-111 Foundations of Biology
  BIO-222 Research and Analysis
  One capstone course: BIO-503 Individualized Internship or BIO-508 Supervised Research or BIO-510 Thesis
  BIO-075 Seminar in Biology

At least one course from each of the following four groups:

Genetics
  BIO-210 Genetics
  BIO-211 Molecular Genetics
  BIO-212 Human Genetics
  BIO-213 Population Genetics and Evolution

Cell and Molecular Biology
  BIO-300 Cell Biology
  BIO-301 Microbiology
  BIO-303 Biochemistry of the Cell
  BIO-425 Developmental Biology
  BIO-445 Genomics and Bioinformatics
  BIO-450 Microanatomy
  BIO-455 Neurochemistry
  BIO-470 Immunology

Anatomy and Physiology
  BIO-320 Animal Physiology
  BIO-321 Plant Physiology
  BIO-322 Human Physiology
  BIO-420 Comparative Anatomy and Embryology
  BIO-426 Human Anatomical Systems
  BIO-444 Pharmacology and Toxicology
  BIO-475 Nutrition

Ecology and Environmental Biology
  BIO-340 Ecology
  BIO-343 Environmental Systems
  BIO-344 African Biodiversity and Conservation
  BIO-345 Field Ecology
  BIO-346 Forest Ecology
  BIO-430 Conservation Biology
  BIO-431 Landscape Ecology and Conservation
  BIO-434 Ecology and Management of Great Smoky Mountains
  BIO-435 Agroecology

Additional requirements
  CHM-110 Foundations of Chemistry or CHM-111 General Chemistry - Exam Equivalency
  CHM-115 Kinetics, Thermodynamics and the Environment

Further Considerations
Substitutions
IB students whose career preparations require successful completion of science and mathematics courses outside of biology may substitute up to two courses from those areas for certain biology courses with the approval of the department chair.  Moreover, two 2-credit biology courses numbered 200 or greater completed during the May Experience can be combined to fulfill one of the elective course requirements for either the B.A. or B.S. degree."
3472,Business and Accounting,"Accounting, B.A.",B.A.,"A major must include:
  ACC-111 Principles of Financial Accounting or ACC-120 Principles of Financial and Managerial Accounting
  ACC-311 Principles of Financial Accounting II
  ACC-312 Intermediate Accounting I
  ACC-313 Intermediate Accounting II
  ACC-320 Cost Accounting
  ACC-330 Auditing
  ACC-340 Federal Income Taxation
  ACC-350 Accounting Information Systems
  BUS-230 Business Analytics
  BUS-340 Principles of Corporate Finance
  ECN-111 Introduction to Economics
  MTH-120 Introduction to Statistics

Certified Public Accountant requirements
Many but not all states require Certified Public Accountant (CPA) candidates to complete 150 credits of undergraduate or graduate course work, including specific hours in business and accounting. Students interested in becoming a CPA should research the requirements for the state they are interested in and consult a faculty member in accounting to design a program of study based on what they learned."
3553,Business and Accounting,"Business Administration, B.A.",B.A.,"Business Administration, Business Administration Track, B.A.
To fulfill the business administration track requirements, students must complete 7 required courses and 6 business administration track elective courses.

Required Core Courses and Capstone (7 courses):
  ACC-120 Principles of Financial and Managerial Accounting (or ACC-111 Principles of Financial Accounting and ACC-301 Principles of Managerial Accounting )
  ECN-111 Introduction to Economics
  MTH-120 Introduction to Statistics
  BUS-230 Business Analytics
  BUS-320 Marketing Strategy
  BUS-340 Principles of Corporate Finance
  BUS-450 Strategic Management

Business Administration Track Electives (6, 4-credit courses):

Primary Track Electives
Students must take at least 4, 4-credit courses from the following list to count as business administration track electives. Students may take all 6 of the business administration track electives from this list:
  BUS-150 Perspectives on Business
  BUS-503 Individualized Internship (junior or senior standing, business-related, 4 credits) BUS 503 will be evaluated for elective credit as part of the BUS 503 application and approval process. BUS 503 courses begun prior to September 1, 2023, may not be used to meet an elective requirement.

Secondary Track Electives
Students may take up to 2, 4-credit courses from the following list to count as business administration track electives:
  CLS-311 Business and Entrepreneurship in Greece and Rome
  CSC-272 Introduction to Data Mining
  ECN-241 Money and Banking
  ECN-248 Economics of Market Regulation
  ECN-250 Labor Economics
  ECN-252 International Trade
  ECN-253 International Finance and Macroeconomic Policy
  ECN-331 Empirical Methods in Economics
  HST-312 History of Business
  MTH-245 Statistical Methods I with R

Business Administration, Business Entrepreneurship Track, B.A.
To fulfill the business entrepreneurship track requirements, students must complete 9 required courses and 4 business entrepreneurship track elective courses.

Required Core Courses and Capstone (7 courses):
  ACC-120 Principles of Financial and Managerial Accounting (or ACC-111 Principles of Financial Accounting and ACC-301 Principles of Managerial Accounting )
  ECN-111 Introduction to Economics
  MTH-120 Introduction to Statistics
  BUS-230 Business Analytics
  BUS-320 Marketing Strategy
  BUS-340 Principles of Corporate Finance
  BUS-450 Strategic Management

Required Business Entrepreneurship Track Courses (2 courses):
  BUS-270 Introduction to Innovation and Entrepreneurship
  BUS-470 New Venture Business Modeling

Business Entrepreneurship Track Electives (4, 4-credit courses):

Primary Track Electives
Students must take at least 2 courses from the following list to count as business entrepreneurship track electives. Students may take all 4 of the business entrepreneurship track elective courses from this list:
  ACC-340 Federal Income Taxation
  BUS-350 Business Law
  BUS-360 Performance Management
  BUS-370 Social Entrepreneurship and Social Innovation
  BUS-423 Consumer Behavior
  BUS-424 Business, Branding and Behavior
  BUS-503 Individualized Internship (junior or senior standing, entrepreneurship-related, 4 credits) BUS 503 will be evaluated for elective credit as part of the BUS 503 application and approval process. BUS 503 courses begun prior to September 1, 2023, may not be used to meet an elective requirement.

Secondary Track Electives
Students may take up to 2, 4-credit courses from the following list to count as business entrepreneurship track electives:
  BUS-150 Perspectives on Business
  HST-312 History of Business

Business Administration, Business Finance Track, B.A.
To fulfill the business finance track requirements, students must complete 9 required courses and 4 business finance track elective courses.

Required Core Courses and Capstone (7 courses):
  ACC-120 Principles of Financial and Managerial Accounting (or ACC-111 Principles of Financial Accounting and ACC-301 Principles of Managerial Accounting )
  ECN-111 Introduction to Economics
  MTH-120 Introduction to Statistics
  BUS-230 Business Analytics
  BUS-320 Marketing Strategy
  BUS-340 Principles of Corporate Finance
  BUS-450 Strategic Management

Required Business Finance Track Courses (2 courses):
  BUS-440 Investments Management
  BUS-444 Advanced Corporate Finance

Business Finance Track Electives (4, 4-credit courses):

Primary Track Electives
Students must take at least 2 courses from the following list to count as business finance track electives. Students may take all 4 of the business finance track elective courses from this list:
  ACC-311 Principles of Financial Accounting II
  ACC-312 Intermediate Accounting I
  ACC-313 Intermediate Accounting II
  ACC-340 Federal Income Taxation
  BUS-337 Intermediate Business Analytics
  BUS-441 International Finance
  BUS-442 Financial Institutions and Markets
  BUS-443 Risk Management
  BUS-503 Individualized Internship (junior or senior standing, finance-related, 4 credits) BUS 503 will be evaluated for elective credit as part of the BUS 503 application and approval process. BUS 503 courses begun prior to September 1, 2023, may not be used to meet an elective requirement.
  ECN-241 Money and Banking
  ECN-253 International Finance and Macroeconomic Policy

Secondary Track Electives
Students may take up to 2, 4-credit courses from the following list to count as business finance track electives:
  BUS-150 Perspectives on Business

Business Administration, Business Marketing Track, B.A.
To fulfill the business marketing track requirements, students must complete 7 required courses and 6 business marketing track elective courses.

Required Core Courses and Capstone (7 courses):
  ACC-120 Principles of Financial and Managerial Accounting (or ACC-111 Principles of Financial Accounting and ACC-301 Principles of Managerial Accounting )
  ECN-111 Introduction to Economics
  MTH-120 Introduction to Statistics
  BUS-230 Business Analytics
  BUS-320 Marketing Strategy
  BUS-340 Principles of Corporate Finance
  BUS-450 Strategic Management

Business Marketing Track Electives (6, 4-credit courses):

Primary Track Electives
Students must take at least 4 courses from the following list to count as business marketing track electives. Students may take 5 of the business marketing track elective courses from this list:
  BUS-421 International Marketing
  BUS-422 Integrated Marketing Communications
  BUS-423 Consumer Behavior
  BUS-424 Business, Branding and Behavior
  BUS-503 Individualized Internship Internship (junior or senior standing, marketing-related, 4 credits) BUS 503 will be evaluated for elective credit as part of the BUS 503 application and approval process. BUS 503 courses begun prior to September 1, 2023, may not be used to meet an elective requirement.

Secondary Track Electives
Students may take up to 2, 4-credit courses from the following list to count as business marketing track electives:
  BUS-150 Perspectives on Business
  COM-314 Social Media Strategy
  COM-376 Strategic Communication
  HST-312 History of Business

Business Administration, International Business Track, B.A.
To fulfill the international business track requirements, students must complete 8 required courses and 20 credits of 5 international business track elective courses. Students must also complete an international business engagement requirement.

Required Core Courses and Capstone (7 courses):
  ACC-120 Principles of Financial and Managerial Accounting (or ACC-111 Principles of Financial Accounting and ACC-301 Principles of Managerial Accounting )
  ECN-111 Introduction to Economics
  MTH-120 Introduction to Statistics
  BUS-230 Business Analytics
  BUS-320 Marketing Strategy
  BUS-340 Principles of Corporate Finance
  BUS-450 Strategic Management

Required International Business Track course (1 course):
  BUS-311 International Business

International Business Track Electives (20 credits):

Primary Track Electives
Students must take a minimum of 8 credits from the following list to count as international business track electives. Students may take all 20 credits for international business track electives from this list:
  BUS-200 Business Drives the Economy
  BUS-300 International Business Practices
  BUS-421 International Marketing
  BUS-441 International Finance
  BUS-442 Financial Institutions and Markets
  BUS-503 Individualized Internship (junior or senior standing, international business-related, 4 credits) BUS 503 will be evaluated for elective credit as part of the BUS 503 application and approval process. BUS 503 courses begun prior to September 1, 2023, may not be used to meet an elective requirement.

Secondary Track Electives
Students may take up to 12 credits from the following list to count as international business track electives. No more than 8 credits may be from one department other than from the BAC Department:
  BUS-150 Perspectives on Business
  ECN-252 International Trade
  ECN-253 International Finance and Macroeconomic Policy
  HST-312 History of Business
  PHL-304 Ethics of Globalization
  POL-221 Politics of European Union
  POL-222 Politics of Russia
  POL-223 Politics of Developing Nations
  POL-224 Politics of Africa
  POL-225 Politics of the Middle East
  POL-226 Politics of China
  POL-228 Politics of Europe
  POL-229 Politics of Asia
  POL-230 Politics of Latin America
  POL-252 American Foreign Policy
  POL-256 Politics of the Global Economy

Required International Business Engagement (0 to 4 credits)
International Business track majors must have at least one experience in learning about and engaging with another culture and business environment. Students seeking the international business engagement credit for an activity should first meet with their international business track major advisor to discuss their plans. Advanced approval by the International Track Coordinator is required for using an activity to meet the international business engagement credit requirement.
Options for meeting the required international business engagement include:
a semester Study Away program outside of the US a Business department MayX outside of the US a Business department MayX with an international component an internship located outside of the US that meets the requirements for BUS 503 (0-4 credits) an internship with an international business in the US that meets the requirements for BUS 503 (0-4 credits). The internship must have an international focus
Students planning to use an internship to satisfy the international business engagement requirement must enroll in BUS 503 Individualized Internship (0-4 credits). The internship will be evaluated for meeting the international business engagement requirement as part of the BUS 503 application and approval process.
We encourage you to speak with your advisors, the Rinker Center for Study Away and International Education, and the Internship Office to learn more about internship and study away possibilities.
A course used to satisfy the International Business Engagement requirement may also be used to satisfy the International Business Track Elective requirements."
3475,Chemistry,"Chemistry, Biochemistry Track, B.S.",B.S.,"To fulfill major requirements in this track, students must complete:

Foundational general chemistry courses via:
  CHM-110 Foundations of Chemistry AND CHM-115 Kinetics, Thermodynamics and the Environment
  CHM-111 General Chemistry - Exam Equivalency AND CHM-115 Kinetics, Thermodynamics and the Environment
  CHM-118 Principles of Chemistry: Theory and Applications

Plus the following courses:
  BIO-210 Genetics or BIO 211 or BIO 212
  CHM-075 Seminar in Chemistry
  CHM-120 Organic Chemistry I
  CHM-220 Organic Chemistry II
  CHM-230 Inorganic Chemistry
  CHM-240 Experimental Techniques
  CHM-330 Analytical Chemistry
  CHM-460 Biological Chemistry
  CHM-465 Advanced Biological Chemistry
  CHM-502 Undergraduate Research
  CHM-510 Undergraduate Thesis I
  CHM-511 Undergraduate Thesis II
  MTH-150 Analytic Geometry and Calculus I
  MTH-151 Analytic Geometry and Calculus II
  PHY-111 General Physics I
  PHY-112 General Physics II

Further, students must complete at least one course from the following:
  CHM-410 Quantum Chemistry
  CHM-450 Advanced Materials Chemistry
  CHM-420 Advanced Topics in Organic Chemistry
  CHM-430 Advanced Topics in Inorganic Chemistry
  CHM-440 Environmental Chemistry
  CHM-445 Advanced Topics in Physical Chemistry
  CHM-470 Special Topics in Biochemistry"
3474,Chemistry,"Chemistry, Environmental Chemistry Track, B.S.",B.S.,"To fulfill major requirements in this track, students must complete:

Foundational general chemistry courses via:
  CHM-110 Foundations of Chemistry AND CHM-115 Kinetics, Thermodynamics and the Environment
  CHM-111 General Chemistry - Exam Equivalency AND CHM-115 Kinetics, Thermodynamics and the Environment
  CHM-118 Principles of Chemistry: Theory and Applications

Plus the following courses:
  CHM-075 Seminar in Chemistry
  CHM-120 Organic Chemistry I
  CHM-220 Organic Chemistry II
  CHM-230 Inorganic Chemistry
  CHM-240 Experimental Techniques
  CHM-310 Physical Chemistry I
  CHM-330 Analytical Chemistry
  CHM-340 Physical Chemistry II
  CHM-440 Environmental Chemistry
  CHM-445 Advanced Topics in Physical Chemistry
  CHM-502 Undergraduate Research
  CHM-510 Undergraduate Thesis I
  CHM-511 Undergraduate Thesis II
  MTH-150 Analytic Geometry and Calculus I
  MTH-151 Analytic Geometry and Calculus II
  PHY-111 General Physics I
  PHY-112 General Physics II and"
3473,Chemistry,"Chemistry, Standard Track, B.S.",B.S.,"To fulfill major requirements in this track, students must complete:

Foundational general chemistry courses via:
  CHM-110 Foundations of Chemistry AND CHM-115 Kinetics, Thermodynamics and the Environment
  CHM-111 General Chemistry - Exam Equivalency AND CHM-115 Kinetics, Thermodynamics and the Environment
  CHM-118 Principles of Chemistry: Theory and Applications

Plus the following courses:
  CHM-075 Seminar in Chemistry
  CHM-120 Organic Chemistry I
  CHM-220 Organic Chemistry II
  CHM-230 Inorganic Chemistry
  CHM-240 Experimental Techniques
  CHM-310 Physical Chemistry I
  CHM-330 Analytical Chemistry
  CHM-340 Physical Chemistry II
  CHM-502 Undergraduate Research
  CHM-510 Undergraduate Thesis I
  CHM-511 Undergraduate Thesis II
  MTH-150 Analytic Geometry and Calculus I
  MTH-151 Analytic Geometry and Calculus II
  PHY-111 General Physics I
  PHY-112 General Physics II

Further, students must complete at least two courses from the following:
  CHM-410 Quantum Chemistry
  CHM-420 Advanced Topics in Organic Chemistry
  CHM-430 Advanced Topics in Inorganic Chemistry
  CHM-440 Environmental Chemistry
  CHM-445 Advanced Topics in Physical Chemistry
  CHM-450 Advanced Materials Chemistry
  CHM-460 Biological Chemistry
  CHM-470 Special Topics in Biochemistry"
3476,Classics,"Classics, Historical Language and Literature Track, B.A.",B.A.,"Three courses beyond 201 in Greek or Latin:
  GRK-305 Ancient Greek: Analytical Approaches
  GRK-315 Ancient Greek: Translation & Research
  GRK-325 Ancient Greek: Intensive Readings

Two courses in the other ancient language:
  GRK-110 Elementary Greek
  GRK-120 Elementary Greek II
  LTN-110 Elementary Latin
  LTN-120 Elementary Latin II

Three courses in Classics (CLS)
Note:  Students may, with permission, substitute a further language course for one of the three CLS courses.
  CLS-101 Homer for Everyone
  CLS-102 Classics: The Basics
  CLS-103 Mythology
  CLS-104 Sport and Violence in the Ancient World
  CLS-105 The Ancient World in 50 Archaeological Objects
  CLS-212 Geography and Travel in the Ancient Mediterranean Catalog
  CLS-213 Inventing the Book
  CLS-214 Law and Order: Greece & Rome
  CLS-215 Science and Innovation in Antiquity
  CLS-216 Historical Linguistics & PIE
  CLS-220 Greek Civilization
  CLS-221 Roman Civilization
  CLS-222 Title The Invention of Archaeology
  CLS-232 Guide to the Good Life
  CLS-233 The Art of Poetry
  CLS-311 Business and Entrepreneurship in Greece and Rome
  CLS-320 Travel Study in Classical Civilizations
  CLS-321 Polytheism and Its Problems
  CLS-322 The Power in Democracy
  CLS-323 What is “Western Civilization”?
  CLS-331 Constructing Identities

One capstone course:
  CLS-401 Seminar in Classics"
3543,Classics,"Classics, Information, Tradition, and Text Track, B.A.",B.A.,"One course beyond 201 in Greek or Latin:
  GRK-305 Ancient Greek: Analytical Approaches
  LTN-305 Latin: Analytical Approaches
  GRK-315 Ancient Greek: Translation & Research
  LTN-315 Latin: Translation & Research Methods
  GRK-325 Ancient Greek: Intensive Readings
  LTN-325 Latin: Intensive Readings

Seven courses in Classics (CLS) or further courses in the ancient languages
Note:  Students may, with permission, substitute relevant courses from related fields for CLS courses.
  CLS-101 Homer for Everyone
  CLS-102 Classics: The Basics
  CLS-103 Mythology
  CLS-104 Sport and Violence in the Ancient World
  CLS-105 The Ancient World in 50 Archaeological Objects
  CLS-212 Geography and Travel in the Ancient Mediterranean Catalog
  CLS-213 Inventing the Book
  CLS-214 Law and Order: Greece & Rome
  CLS-215 Science and Innovation in Antiquity
  CLS-216 Historical Linguistics & PIE
  CLS-220 Greek Civilization
  CLS-221 Roman Civilization
  CLS-222 Title The Invention of Archaeology
  CLS-232 Guide to the Good Life
  CLS-233 The Art of Poetry
  CLS-311 Business and Entrepreneurship in Greece and Rome
  CLS-320 Travel Study in Classical Civilizations
  CLS-321 Polytheism and Its Problems
  CLS-322 The Power in Democracy
  CLS-323 What is “Western Civilization”?
  CLS-331 Constructing Identities

One capstone course:
  CLS-401 Seminar in Classics"
3542,Communication Studies,"Communication and Media Studies, B.A.",B.A.,"Foundational courses (4 courses)
  COM-101 Public Speaking
  COM-102 Media and Society
  COM-201 Rhetoric and Strategy
  COM-202 Digital Storytelling

One research methods course (1 course), selected from:
  COM-302 Media Criticism
  COM-303 Communication Research Methods

One advanced course in media history (1 course), selected from:
  COM-331 Media History
  COM-361 Media Law

One advanced course in media production (1 course), selected from:
  COM-304 Broadcast Communication
  COM-345 Sports Reporting
  COM-347 Advanced Multimedia Storytelling

One additional advanced course in communication and media studies (1 course), selected from:
  COM-302 Media Criticism
  COM-303 Communication Research Methods
  COM-304 Broadcast Communication
  COM-314 Social Media Strategy
  COM-323 Race, Class and Gender in Media
  COM-331 Media History
  COM-335 Political Economy of Mass Media
  COM-337 International Communication
  COM-345 Sports Reporting
  COM-347 Advanced Multimedia Storytelling
  COM-350 Lenses on Africa
  COM-351 Advocacy
  COM-353 Political Communication
  COM-355 Propaganda
  COM-361 Media Law
  COM-399 Studies in Mass Media

One Engaged Learning Experience in Communication Studies (a minimum of 4 credits), selected from:
  COM-505 Structured Internship
  IDS-507 International Internship
  HUM-502 Humanities Lab
  IGD-101 Introduction to Intergroup Dialogue

One Capstone Experience in Communication Studies (1 course), selected from:
  COM-412 International Women’s Rhetoric
  COM-414 Global Advocacy
  COM-419 Mobile Media, Space and Place
  COM-451 Civic Media
  COM-457 Mass Media & Political Violence
  COM-460 Communication Ethics
  COM-470 Seminar in Rhetoric
  COM-475 Seminar in Mass Communication"
3605,Communication Studies,"Communication Studies, B.A.",B.A.,"Foundational courses (4 courses)
  COM-101 Public Speaking
  COM-102 Media and Society
  COM-201 Rhetoric and Strategy
  COM-202 Digital Storytelling

One research methods course (1 course) selected from:
  COM-301 Rhetorical Criticism
  COM-302 Media Criticism
  COM-303 Communication Research Methods

Three additional advanced communication studies courses (3 courses), selected from:
  COM-301 Rhetorical Criticism
  COM-302 Media Criticism
  COM-303 Communication Research Methods
  COM-304 Broadcast Communication
  COM-310 Argumentation
  COM-311 Rhetoric in the Ancient World
  COM-314 Social Media Strategy
  COM-315 Oratory and Social Change
  COM-318 African American Rhetoric
  COM-323 Race, Class and Gender in Media
  COM-331 Media History
  COM-333 Small Group Communication
  COM-335 Political Economy of Mass Media
  COM-337 International Communication
  COM-341 Interpersonal Communication
  COM-343 Organizational Communication
  COM-345 Sports Reporting
  COM-347 Advanced Multimedia Storytelling
  COM-350 Lenses on Africa
  COM-351 Advocacy
  COM-353 Political Communication
  COM-355 Propaganda
  COM-361 Media Law
  COM-376 Strategic Communication
  COM-377 Persuasive Message Design
  COM-398 Studies in Rhetoric
  COM-399 Studies in Mass Media

One Engaged Learning Experience in Communication Studies (a minimum of 4 credits), selected from:
  COM-505 Structured Internship
  IDS-507 International Internship
  HUM-502 Humanities Lab
  IGD-101 Introduction to Intergroup Dialogue

One Capstone Experience in Communication Studies (1 course), selected from:
  COM-412 International Women’s Rhetoric
  COM-414 Global Advocacy
  COM-419 Mobile Media, Space and Place
  COM-451 Civic Media
  COM-457 Mass Media & Political Violence
  COM-460 Communication Ethics
  COM-470 Seminar in Rhetoric
  COM-475 Seminar in Mass Communication"
3477,Communication Studies,"Strategic Communication and Advocacy, B.A.",B.A.,"Foundational courses (4 courses)
  COM-101 Public Speaking
  COM-102 Media and Society
  COM-201 Rhetoric and Strategy
  COM-202 Digital Storytelling

One research methods course (1 course), selected from:
  COM-301 Rhetorical Criticism
  COM-303 Communication Research Methods

One advanced course in rhetoric and advocacy (1 course), selected from:
  COM-310 Argumentation
  COM-315 Oratory and Social Change
  COM-351 Advocacy

One advanced course in strategic communication (1 course), selected from:
  COM-314 Social Media Strategy
  COM-376 Strategic Communication
  COM-377 Persuasive Message Design

One additional advanced course in strategic communication and advocacy (1 course), selected from:
  COM-301 Rhetorical Criticism
  COM-303 Communication Research Methods
  COM-310 Argumentation
  COM-311 Rhetoric in the Ancient World
  COM-314 Social Media Strategy
  COM-315 Oratory and Social Change
  COM-318 African American Rhetoric
  COM-333 Small Group Communication
  COM-337 International Communication
  COM-341 Interpersonal Communication
  COM-343 Organizational Communication
  COM-347 Advanced Multimedia Storytelling
  COM-351 Advocacy
  COM-353 Political Communication
  COM-355 Propaganda
  COM-376 Strategic Communication
  COM-377 Persuasive Message Design
  COM-398 Studies in Rhetoric

One Engaged Learning Experience in Communication Studies (a minimum of 4 credits), selected from:
  COM-505 Structured Internship
  IDS-507 International Internship
  HUM-502 Humanities Lab
  IGD-101 Introduction to Intergroup Dialogue

One Capstone Experience in Communication Studies (1 course), selected from:
  COM-412 International Women’s Rhetoric
  COM-414 Global Advocacy
  COM-419 Mobile Media, Space and Place
  COM-451 Civic Media
  COM-457 Mass Media & Political Violence
  COM-460 Communication Ethics
  COM-470 Seminar in Rhetoric
  COM-475 Seminar in Mass Communication"
3544,Computer Science,"Computer Science, B.A.",B.A.,"Required core courses:
  CSC-105 Intro to Computer Science
  CSC-121 Intro to Computer Programming
  CSC-122 Data Structures and Algorithms
  CSC-223 Advanced Data Structures and Software Development
  CSC-231 Computer Organization
  CSC-261 Discrete Structures for Computer Science
  CSC-461 Computational Theory
  MTH-120 Introduction to Statistics or MTH-150 Analytic Geometry and Calculus I

Three additional CSC courses numbered 300 or above, with at least two selected from Group B for the Bachelor of Arts option:

Group A
  CSC-331 Computer Architecture
  CSC-332 Data Communications and Networking
  CSC-343 Artificial Intelligence
  CSC-344 Computer Graphics and Image Processing
  CSC-345 Computational Science
  CSC-346 Operating Systems
  CSC-348 Game Design & Development
  CSC-353 Software Engineering
  CSC-361 Information Structures
  CSC-363 Programming Language Structures
  CSC-364 Compilers
  CSC-372 Machine Learning with Big Data
  CSC-465 Introduction to Numerical Analysis

Group B
  CSC-332 Data Communications and Networking
  CSC-341 Database Management Systems
  CSC-342 Web-Based Application Design & Development
  CSC-347 Human Computer Interaction
  CSC-351 Project Management
  CSC-352 Systems Analysis
  CSC-353 Software Engineering
  CSC-362 Information Security
  CSC-372 Machine Learning with Big Data

One additional course selected from the following options:
  CSC-271 Digital Dilemmas: Data, Technology, and Being Human
  CSC-272 Introduction to Data Mining
  CSC-273 History of Technology and Discovery
  MTH-120 Introduction to Statistics (BA students who elect to take MTH-120 as their required Mathematics course may not choose MTH-120 for their lower-level elective.)
  MTH-151 Analytic Geometry and Calculus II
  MTH-160 Vectors and Matrices

Capstone Experience (one course):
  CSC-475 Seminar in Computer Science
  CSC-502 Research

and six Purposeful Pathways activities:
Earn credit, as determined by the Chair, for six Purposeful Pathways activities, with two from each from the following categories:
Participation in an Engaged Learning (Internship, Research) opportunity can be used to substitute for one of the required six events with prior approval from the Chair."
3478,Computer Science,"Computer Science, B.S.",B.S.,"Required Core Courses:
  CSC-105 Intro to Computer Science
  CSC-121 Intro to Computer Programming
  CSC-122 Data Structures and Algorithms
  CSC-223 Advanced Data Structures and Software Development
  CSC-231 Computer Organization
  CSC-261 Discrete Structures for Computer Science
  CSC-461 Computational Theory
  MTH-150 Analytic Geometry and Calculus I

Three additional CSC courses numbered 300 or above, with at least two selected from Group A

Group A
  CSC-331 Computer Architecture
  CSC-332 Data Communications and Networking
  CSC-343 Artificial Intelligence
  CSC-344 Computer Graphics and Image Processing
  CSC-345 Computational Science
  CSC-346 Operating Systems
  CSC-348 Game Design & Development
  CSC-353 Software Engineering
  CSC-361 Information Structures
  CSC-363 Programming Language Structures
  CSC-364 Compilers
  CSC-372 Machine Learning with Big Data
  CSC-465 Introduction to Numerical Analysis

Group B
  CSC-332 Data Communications and Networking
  CSC-341 Database Management Systems
  CSC-342 Web-Based Application Design & Development
  CSC-347 Human Computer Interaction
  CSC-351 Project Management
  CSC-352 Systems Analysis
  CSC-353 Software Engineering
  CSC-362 Information Security
  CSC-372 Machine Learning with Big Data

One additional course selected from the following options:
  CSC-271 Digital Dilemmas: Data, Technology, and Being Human
  CSC-272 Introduction to Data Mining
  CSC-273 History of Technology and Discovery
  MTH-120 Introduction to Statistics
  MTH-151 Analytic Geometry and Calculus II
  MTH-160 Vectors and Matrices

Capstone Experience (one course):
  CSC-475 Seminar in Computer Science
  CSC-502 Research

and six Purposeful Pathways activities:
Earn credit, as determined by the Chair, for six Purposeful Pathways activities, with two from each from the following categories:
Participation in an Engaged Learning (Internship, Research) opportunity can be used to substitute for one of the required six events with prior approval from the Chair."
3479,Computer Science,"Information Technology, B.A.",B.A.,"A major must include:
  CSC-105 Intro to Computer Science
  CSC-121 Intro to Computer Programming
  CSC-122 Data Structures and Algorithms
  CSC-475 Seminar in Computer Science or
  CSC-502 Research

and six Purposeful Pathways activities:
Earn credit, as determined by the Chair, for six Purposeful Pathways activities, with two from each from the following categories:
Participation in an Engaged Learning (Internship, Research) opportunity can be used to substitute for one of the required six events with prior approval from the Chair.

Further considerations
The cognate discipline includes courses leading to an award of a major in another field of study, where those courses have a clear IT component or applicability.  The capstone ( CSC-475 or CSC-502 ) will serve to integrate the experiences. Specific cognate courses comprising a consistent theme for the IT major will be identified when the student declares their intent to pursue a major. The cognate discipline may not be Computer Science."
3480,Computer Science,"Information Technology, B.S.",B.S.,"A major must include:
  CSC-105 Intro to Computer Science
  CSC-121 Intro to Computer Programming
  CSC-122 Data Structures and Algorithms
  CSC-475 Seminar in Computer Science or
  CSC-502 Research

and six Purposeful Pathways activities:
Earn credit, as determined by the Chair, for six Purposeful Pathways activities, with two from each from the following categories:
Participation in an Engaged Learning (Internship, Research) opportunity can be used to substitute for one of the required six events with prior approval from the Chair.

Further considerations
The cognate discipline includes courses leading to an award of a major in another field of study, where those courses have a clear IT component or applicability.  The capstone ( CSC-475 or CSC-502 ) will serve to integrate the experiences. Specific cognate courses comprising a consistent theme for the IT major will be identified when the student declares their intent to pursue a major. The cognate discipline may not be Computer Science."
3481,"Earth, Environmental, and Sustainability Sciences","Earth and Environmental Science, B.A.",B.A.,"Candidates for the B.A. degree must complete:
  EES-111 Earth and the Silver Screen or
  EES-112 Environmental Science or
  EES-113 Natural Hazards and Natural Disasters or
  EES-115 Earth Systems
  EES-220 Mineralogy and Petrology I

a mathematics course, appropriate for the discipline:
  MTH-120 Introduction to Statistics or
  MTH-145 Calculus for Management, Life and Social Sciences or
  MTH-150 Analytic Geometry and Calculus I

and, six more EES elective courses numbered 200 or above.

Further considerations
Students anticipating graduate study and professional work in earth and environmental sciences should obtain the B.S. degree. Students interested in environmental and/or sustainability issues, but not wishing to major in the sciences may complete an interdisciplinary minor in Environmental Studies."
3482,"Earth, Environmental, and Sustainability Sciences","Earth and Environmental Science, B.S.",B.S.,"Candidates for the B.S. degree must complete:
  EES-111 Earth and the Silver Screen
  EES-112 Environmental Science
  EES-113 Natural Hazards and Natural Disasters
  EES-115 Earth Systems
  EES-220 Mineralogy and Petrology I
  EES-472 Research and Analysis
  EES-474 Senior Capstone
  CHM-110 Foundations of Chemistry
  CHM-115 Kinetics, Thermodynamics and the Environment

and, six more EES elective courses numbered 200 or above.

Further considerations
Students anticipating graduate study and professional work in earth and environmental sciences should obtain the B.S. degree. Students interested in environmental and/or sustainability issues, but not wishing to major in the sciences may complete an interdisciplinary minor in Environmental Studies."
3483,"Earth, Environmental, and Sustainability Sciences","Sustainability Science, B.S.",B.S.,"To fulfill major requirements, students must complete:
  EES-112 Environmental Science
  SUS-120 Principles of Sustainability Science
  SUS-241 Social Systems
  SUS-242 Dynamic System Modeling
  SUS-474 Senior Capstone
  SUS-472 Research and Analysis
  SUS-473 Sustainability Science Practicum

Six additional electives numbered 200 or above:

Further considerations
It is strongly recommended that courses used to fulfill major requirements be chosen in consultation with a faculty advisor and intended academic or professional pathways.
Students interested in environmental and/or sustainability issues, but not wishing to major in the sciences may complete an interdisciplinary minor in Environmental Studies or B.A. in Earth and Environmental Sciences. Sustainability Science majors may also fulfill the requirements for the Environmental Studies interdisciplinary minor."
3484,Economics,"Economics, B.A.",B.A.,"A major must include:
  ACC-111 Principles of Financial Accounting or ACC-120 Principles of Financial and Managerial Accounting , or CSC-121 Intro to Computer Programming , or EES-201 Geographic Information Systems , or MTH-245 Statistical Methods I with R
  ECN-111 Introduction to Economics
  ECN-120 Introduction to Statistics or MTH-120 Introduction to Statistics
  MTH-145 Calculus for Management, Life and Social Sciences or MTH-150 Analytic Geometry and Calculus I
  ECN-331 Empirical Methods in Economics
  ECN-345 Intermediate Macroeconomics Analysis
  ECN-346 Intermediate Microeconomic Analysis
  ECN-475 Senior Seminar in Economics

at least three more economics courses numbered 201 or greater, excluding ECN-503
  ECN-224 Law and Economics
  ECN-226 Game Theory
  ECN-233 Economics of Gender
  ECN-234 Urban Economics
  ECN-235 Population, Economy and Society
  ECN-236 Economics of the Environment
  ECN-237 Economics of Poverty and Inequality
  ECN-238 Public Economics
  ECN-239 Economics of Sports
  ECN-241 Money and Banking
  ECN-242 Health Economics
  ECN-244 Behavioral Economics
  ECN-245 Development Economics
  ECN-246 Economic Growth
  ECN-247 History of Economic Thought
  ECN-248 Economics of Market Regulation
  ECN-250 Labor Economics
  ECN-252 International Trade
  ECN-253 International Finance and Macroeconomic Policy
  ECN-256 Economics of Strategy"
3554,Economics,"Mathematics-Economics, B.A.",B.A.,"The Mathematics-Economics Major will consist of the following requirements:
Six courses in Economics: ECN-111 Introduction to Economics ECN-331 Empirical Methods in Economics ECN-345 Intermediate Macroeconomics Analysis ECN-346 Intermediate Microeconomic Analysis ECN-475 Senior Seminar in Economics One additional ECN course numbered 201 or higher, excluding ECN-503 Six courses in Mathematics: Core courses: MTH-151 Analytic Geometry and Calculus II MTH-160 Vectors and Matrices Four additional courses from the following list: *At least two courses must be numbered 300 or higher MTH-245 Statistical Methods I with R MTH-250 Vector Calculus MTH-255 Differential Equations MTH-260 Transition to Higher Mathematics MTH-335 Mathematical Models and Applications MTH-337 Operations Research MTH-340 Probability MTH-341 Mathematical Statistics MTH-345 Statistical Methods II with R MTH-355 Discrete Dynamical Systems MTH-435 Scientific Computation MTH-450 Real Analysis MTH-465 Linear Algebra and Matrix Theory
  ECN-111 Introduction to Economics
  ECN-331 Empirical Methods in Economics
  ECN-345 Intermediate Macroeconomics Analysis
  ECN-346 Intermediate Microeconomic Analysis
  ECN-475 Senior Seminar in Economics
  MTH-151 Analytic Geometry and Calculus II
  MTH-160 Vectors and Matrices
  MTH-245 Statistical Methods I with R
  MTH-250 Vector Calculus
  MTH-255 Differential Equations
  MTH-260 Transition to Higher Mathematics
  MTH-335 Mathematical Models and Applications
  MTH-337 Operations Research
  MTH-340 Probability
  MTH-341 Mathematical Statistics
  MTH-345 Statistical Methods II with R
  MTH-355 Discrete Dynamical Systems
  MTH-435 Scientific Computation
  MTH-450 Real Analysis
  MTH-465 Linear Algebra and Matrix Theory

Six courses in Economics:
  ECN-111 Introduction to Economics
  ECN-331 Empirical Methods in Economics
  ECN-345 Intermediate Macroeconomics Analysis
  ECN-346 Intermediate Microeconomic Analysis
  ECN-475 Senior Seminar in Economics

Six courses in Mathematics:

Core courses:
  MTH-151 Analytic Geometry and Calculus II
  MTH-160 Vectors and Matrices

Four additional courses from the following list:
*At least two courses must be numbered 300 or higher
  MTH-245 Statistical Methods I with R
  MTH-250 Vector Calculus
  MTH-255 Differential Equations
  MTH-260 Transition to Higher Mathematics
  MTH-335 Mathematical Models and Applications
  MTH-337 Operations Research
  MTH-340 Probability
  MTH-341 Mathematical Statistics
  MTH-345 Statistical Methods II with R
  MTH-355 Discrete Dynamical Systems
  MTH-435 Scientific Computation
  MTH-450 Real Analysis
  MTH-465 Linear Algebra and Matrix Theory

Majors are also advised to complete:
  CSC-121 Intro to Computer Programming
  MTH-435 Scientific Computation"
3555,Economics,"Mathematics-Economics, B.S.",B.S.,"The Mathematics-Economics Major will consist of the following requirements:
Six courses in Economics: ECN-111 Introduction to Economics ECN-331 Empirical Methods in Economics ECN-345 Intermediate Macroeconomics Analysis ECN-346 Intermediate Microeconomic Analysis ECN-475 Senior Seminar in Economics One additional ECN course numbered 201 or higher, excluding ECN-503 Six courses in Mathematics: Core courses: MTH-151 Analytic Geometry and Calculus II MTH-160 Vectors and Matrices Four additional courses from the following list: *At least two courses must be numbered 300 or higher MTH-245 Statistical Methods I with R MTH-250 Vector Calculus MTH-255 Differential Equations MTH-260 Transition to Higher Mathematics MTH-335 Mathematical Models and Applications MTH-337 Operations Research MTH-340 Probability MTH-341 Mathematical Statistics MTH-345 Statistical Methods II with R MTH-355 Discrete Dynamical Systems MTH-435 Scientific Computation MTH-450 Real Analysis MTH-465 Linear Algebra and Matrix Theory
  ECN-111 Introduction to Economics
  ECN-331 Empirical Methods in Economics
  ECN-345 Intermediate Macroeconomics Analysis
  ECN-346 Intermediate Microeconomic Analysis
  ECN-475 Senior Seminar in Economics
  MTH-151 Analytic Geometry and Calculus II
  MTH-160 Vectors and Matrices
  MTH-245 Statistical Methods I with R
  MTH-250 Vector Calculus
  MTH-255 Differential Equations
  MTH-260 Transition to Higher Mathematics
  MTH-335 Mathematical Models and Applications
  MTH-337 Operations Research
  MTH-340 Probability
  MTH-341 Mathematical Statistics
  MTH-345 Statistical Methods II with R
  MTH-355 Discrete Dynamical Systems
  MTH-435 Scientific Computation
  MTH-450 Real Analysis
  MTH-465 Linear Algebra and Matrix Theory

Six courses in Economics:
  ECN-111 Introduction to Economics
  ECN-331 Empirical Methods in Economics
  ECN-345 Intermediate Macroeconomics Analysis
  ECN-346 Intermediate Microeconomic Analysis
  ECN-475 Senior Seminar in Economics

Six courses in Mathematics:

Core courses:
  MTH-151 Analytic Geometry and Calculus II
  MTH-160 Vectors and Matrices

Four additional courses from the following list:
*At least two courses must be numbered 300 or higher
  MTH-245 Statistical Methods I with R
  MTH-250 Vector Calculus
  MTH-255 Differential Equations
  MTH-260 Transition to Higher Mathematics
  MTH-335 Mathematical Models and Applications
  MTH-337 Operations Research
  MTH-340 Probability
  MTH-341 Mathematical Statistics
  MTH-345 Statistical Methods II with R
  MTH-355 Discrete Dynamical Systems
  MTH-435 Scientific Computation
  MTH-450 Real Analysis
  MTH-465 Linear Algebra and Matrix Theory

Majors are also advised to complete:
  CSC-121 Intro to Computer Programming
  MTH-435 Scientific Computation"
3485,Education,"Education, B.A. (Teaching in Grades 2-6)",B.A.,"To fulfill major requirements and certification standards, students must complete:
  EDU-111 Perspectives on American Education or EDU-112 History of Education in America or EDU-113 Introduction to Educational Philosophy or EDU-114 Culture, Identity, and Schooling
  EDU-120 Human Development
  EDU-200 Health Education and Physical Activity
  EDU-221 Students with Exceptionalities
  EDU-305 Arts Integration in Elementary Grades
  EDU-330 Literacy Foundations and Instruction in Grades PK-3
  EDU-331 Literacy Processes and Instruction in Grades 2-6
  EDU-332 Social Studies in Grades PK-6
  EDU-333 Science in Grades PK-6
  MTH-301 Mathematics for Elementary School Teachers I
  MTH-302 Mathematics for Elementary School Teachers II
  EDU-431 Diverse School Cultures: Teaching, Learning and Management

one biology course*:
  BIO-101 Principles of Biology
  BIO-102 Biology and the Environment
  BIO-111 Foundations of Biology

one physical science course*:
  CHM-101 Chemistry and Global Awareness
  CHM-110 Foundations of Chemistry
  EES-112 Environmental Science
  EES-113 Natural Hazards and Natural Disasters
  EES-115 Earth Systems
  PHY-101 Physics for Non-Science Majors
  PHY-105 Descriptive Astronomy
  PHY-106 The Solar System
  PHY-107 Stars & Galaxies
  PHY-111 General Physics I
  SUS-120 Principles of Sustainability Science

*One of the science courses required toward graduation must have a lab.

and, the senior block:
Spring semester senior year, majors enroll in the following courses team-taught by department faculty.
  EDU-434 Content Literacy Strategies and Modifications for Diverse Learners
  EDU-470 Practicum in Teaching
  EDU-435 Planning, Instruction, and Assessment in the Elementary Classroom
  EDU-505 Teaching Internship (Music majors only)

Early Teaching Experience
In August, prior to the senior year, all elementary candidates seeking teacher certification participate in an early teaching experience on a full-time basis. This experience provides an opportunity for direct involvement in the opening of school when classroom routines and procedures are established. Candidates seeking certification are expected to assume some teaching responsibilities.

Graduate summer admission
Candidates who satisfactorily complete all Senior Block courses including the practicum experience, and are eligible to enroll in the EDEP-670 Teaching Internship may receive approval to enroll in graduate courses during the summer prior to the teaching internship."
3531,Education,"Educational Studies, B.A.",B.A.,"The major requires nine (9) Education (EDU) courses and four (4) courses outside the Education Department. One of the science courses required toward graduation must have a lab:

three introductory courses:
  EDU-111 Perspectives on American Education (and EDU-001 ) or EDU-112 History of Education in America or EDU-113 Introduction to Educational Philosophy or EDU-114 Culture, Identity, and Schooling
  EDU-120 Human Development
  EDU-221 Students with Exceptionalities

two or three courses addressing fundamental elements of learning for various populations:
  EDU-200 Health Education and Physical Activity
  EDU-212 Schoolhouse and Courthouse: Education and the Law
  EDU-215 Diversity, Equity, & Inclusion in Education
  EDU-222 Nature of Learning Disabilities
  EDU-223 Nature of Emotional and Behavioral Disorders
  EDU-235 Comparative International Education
  EDU-250 Scholarly Reading and Writing in Education
  EDU-275 Educational Psychology

two or three courses focused on methods of teaching:
  EDU-305 Arts Integration in Elementary Grades
  EDU-330 Literacy Foundations and Instruction in Grades PK-3
  EDU-331 Literacy Processes and Instruction in Grades 2-6
  EDU-332 Social Studies in Grades PK-6
  EDU-333 Science in Grades PK-6
  EDU-337 Early Childhood Curriculum: Content and Resources
  EDU-339 Methods, Materials, and Assessment: Early Childhood
  EDU-431 Diverse School Cultures: Teaching, Learning and Management
  EDU-451 Literature for Young Adults

one or two courses exposing the student to learning outside of the traditional classroom:
  EDU-503 Individualized Internship
  EDU-506 Human Service Non-Profit Internship

one biological science course:
  BIO-101 Principles of Biology
  BIO-102 Biology and the Environment
  BIO-111 Foundations of Biology

one physical science course:
  CHM-101 Chemistry and Global Awareness
  CHM-110 Foundations of Chemistry
  EES-112 Environmental Science
  EES-113 Natural Hazards and Natural Disasters
  EES-115 Earth Systems
  PHY-101 Physics for Non-Science Majors
  PHY-105 Descriptive Astronomy
  PHY-106 The Solar System
  PHY-107 Stars & Galaxies
  PHY-111 General Physics I
  SUS-120 Principles of Sustainability Science

and at least four other courses numbered 200 or higher in a focused cognate area outside of EDU determined in consultation with the academic advisor. One of the science courses required toward graduation must have a lab."
3532,Education,Teaching in Grades PK-12,,"Early Teaching Experience
In August, prior to the senior year, all elementary candidates seeking teacher certification participate in an early teaching experience on a full-time basis. This experience provides an opportunity for direct involvement in the opening of school when classroom routines and procedures are established. Candidates seeking certification are expected to assume some teaching responsibilities."
3486,English,"English, Literature and Language Track, B.A.",B.A.,"A major consists of at least nine courses and must include two foundation courses:
  ENG-353 Critical and Cultural Theory
  ENG-475 Senior Seminar in English

1 course (4 credits) of writing instruction:
  ENG-200 Introduction to Creative Writing
  ENG-211 Professional Communication
  ENG-212 Journalism Principles and Practice
  ENG-214 Immersion Journalism: Reading as Writers
  ENG-216 Copyediting
  ENG-220 Writing Poems
  ENG-221 Writing Fiction
  ENG-223 Writing Nonfiction
  ENG-224 Writing Biography
  ENG-225 Writing with Writers (2 credits)
  ENG-228 Writing the Novel
  ENG-230 Digital Writing
  ENG-240 Art of Travel Writing and MXP-240 Travel Writing

1 course exploring Early Traditions:
  ENG-241 Medieval Arthurian Literature
  ENG-252 Shakespeare
  ENG-261 Revolution and Reaction
  ENG-300 Literature Before Print
  ENG-304 English Literature of Restoration and 18th Century
  ENG-314 Studies in Chaucer
  ENG-315 Animals in Medieval Literature and Culture
  ENG-316 Late 14th Century English Literature
  ENG-317 Literature of Early Modern Britain
  ENG-318 Early Modern Drama
  ENG-319 Major Figures in Early Modern British Literature
  ENG-328 Interpretive Issues in Early Modern Literature

1 course exploring Critical Approaches, Film Studies, or Cultural and Global Studies:
  ENG-152 History of English Language
  ENG-153 English Language: How It Works
  ENG-254 Prison Literature
  ENG-293 Literature of the South
  ENG-294 Modern and Contemporary Poetry
  ENG-298 Literature and the Environment
  ENG-338 Victorian Novel
  ENG-339 Emerson to Dickinson
  ENG-344 Gothic Literature
  ENG-349 Thinking Sex
  ENG-391 Global Postcolonial Issues
  ENG-392 Film Analysis
  ENG-393 Literary Feminisms

1 course exploring Later Traditions and Literatures of the Americas
  ENG-270 Queer Stories
  ENG-273 Altered States in Victorian Literature
  ENG-291 Studies in Short Fiction
  ENG-292 African-American Drama
  ENG-297 Autobiography
  ENG-336 British Romantic Literature
  ENG-337 Victorian Literature and Culture
  ENG-346 American Slavery and the Novel
  ENG-348 American Working-Class Literature
  ENG-350 American Novel to World War I
  ENG-351 American Novel Since World War I
  ENG-356 Faulkner
  ENG-357 Irish Renaissance Literature
  ENG-359 Studies in the Essay
  ENG-363 Mystery and Detective Fiction

and, 3 courses (12 credits) in any ENG course*
*One section of either ENG-111 or ENG-112 , but not both, can count toward the major.

one credit of vocational and professional preparation over the final four semesters:
  ENG-399 Upper Level Pathways in English"
3537,English,"English, Writing Track B.A.",B.A.,"A major consists of at least nine courses and must include three foundation courses:
  ENG-200 Introduction to Creative Writing
  ENG-353 Critical and Cultural Theory
  ENG-476 Senior Seminar in Writing

2 courses (8 credits) of writing instruction:
  ENG-211 Professional Communication
  ENG-212 Journalism Principles and Practice
  ENG-214 Immersion Journalism: Reading as Writers
  ENG-216 Copyediting
  ENG-220 Writing Poems
  ENG-221 Writing Fiction
  ENG-223 Writing Nonfiction
  ENG-224 Writing Biography
  ENG-225 Writing with Writers (2 credits)
  ENG-228 Writing the Novel
  ENG-240 Art of Travel Writing and MXP-240 Travel Writing

2 courses in at least 2 different distribution categories

Early Traditions:
  ENG-241 Medieval Arthurian Literature
  ENG-252 Shakespeare
  ENG-261 Revolution and Reaction
  ENG-300 Literature Before Print
  ENG-304 English Literature of Restoration and 18th Century
  ENG-314 Studies in Chaucer
  ENG-315 Animals in Medieval Literature and Culture
  ENG-316 Late 14th Century English Literature
  ENG-317 Literature of Early Modern Britain
  ENG-318 Early Modern Drama
  ENG-319 Major Figures in Early Modern British Literature
  ENG-328 Interpretive Issues in Early Modern Literature

Critical Approaches, Film Studies, or Cultural and Global Studies:
  ENG-152 History of English Language
  ENG-153 English Language: How It Works
  ENG-254 Prison Literature
  ENG-293 Literature of the South
  ENG-294 Modern and Contemporary Poetry
  ENG-298 Literature and the Environment
  ENG-338 Victorian Novel
  ENG-339 Emerson to Dickinson
  ENG-344 Gothic Literature
  ENG-349 Thinking Sex
  ENG-391 Global Postcolonial Issues
  ENG-392 Film Analysis
  ENG-393 Literary Feminisms

Later Traditions and Literatures of the Americas
  ENG-270 Queer Stories
  ENG-273 Altered States in Victorian Literature
  ENG-291 Studies in Short Fiction
  ENG-292 African-American Drama
  ENG-297 Autobiography
  ENG-336 British Romantic Literature
  ENG-337 Victorian Literature and Culture
  ENG-346 American Slavery and the Novel
  ENG-348 American Working-Class Literature
  ENG-350 American Novel to World War I
  ENG-351 American Novel Since World War I
  ENG-356 Faulkner
  ENG-357 Irish Renaissance Literature
  ENG-359 Studies in the Essay
  ENG-363 Mystery and Detective Fiction

and, 2 courses (8 credits) in any ENG course*:
*One section of either ENG-111 or ENG-112 , but not both, can count toward the major.

one credit of vocational and professional preparation over the final four semesters:
  ENG-399 Upper Level Pathways in English"
3487,Health Sciences,"Health Sciences, B.A.",B.A.,"A major must include:
  HSC-101 Wellness Concepts
  HSC-201 Research and Evaluation in Health Sciences
  HSC-205 Fundamentals of Public Health
  HSC-210 Anatomy and Physiology I
  HSC-211 Anatomy and Physiology II
  HSC-001 Basic Life Support

and, at least six additional HSC courses numbered greater than 211. Only one 4-credit 500-level course can be counted and may not include 503."
3488,Health Sciences,"Health Sciences, B.S.",B.S.,"A major must include:
  HSC-101 Wellness Concepts
  HSC-201 Research and Evaluation in Health Sciences
  HSC-205 Fundamentals of Public Health
  HSC-210 Anatomy and Physiology I
  HSC-211 Anatomy and Physiology II
  HSC-001 Basic Life Support

and, at least six additional HSC courses numbered greater than 211. Only one 4-credit 500-level course may be counted and may not include 503."
3534,Health Sciences,"Public Health, B.A.",B.A.,"A major must include:
  BIO-111 Foundations of Biology
  HSC-075 Seminar in Public Health (3 semesters required)
  HSC-201 Research and Evaluation in Health Sciences
  HSC-205 Fundamentals of Public Health
  HSC-304 Environmental Health
  HSC-305 Global Public Health
  HSC-307 Health Systems, Services and Policy Administration
  HSC-401 Epidemiology
  HSC-001 Basic Life Support
  HSC-465 Public Health Capstone
  MTH-120 Introduction to Statistics

and, at least twelve additional credits from two or more departments with no more than 4 credits from Health Sciences (HSC) and no more than 4 credits from courses completed during the May Experience
  AST-250 Human Development in Contemporary Asia
  AST-255 Poverty, Gender and Development in India
  AST-260 Environment and Health in India
  BIO-301 Microbiology
  BIO-330 Public Health Biology
  BIO-350 Infectious Disease Ecology
  BIO-360 Infectious Disease in Movies: Fact and Fiction
  BIO-435 Agroecology
  BIO-470 Immunology
  BUS-423 Consumer Behavior
  CSC-272 Introduction to Data Mining
  ECN-233 Economics of Gender
  ECN-234 Urban Economics
  ECN-236 Economics of the Environment
  ECN-237 Economics of Poverty and Inequality
  ECN-238 Public Economics
  ECN-242 Health Economics
  ECN-245 Development Economics
  ECN-331 Empirical Methods in Economics
  EES-201 Geographic Information Systems
  EST-301 Environment and Society
  HSC-151 Current Issues in Public Health
  HSC-300 Chronic Disease: Epidemiology and Prevention
  HSC-302 Physical Activity and Public Health
  HSC-306 Nutrition and Public Health
  HSC-342 Pathophysiology of Chronic Diseases
  HSC-343 Pathophysiology of Infectious Diseases
  HSC-501 Independent Study
  HSC-502 Research
  HSC-505 Structured Internship
  HST-310 History of Western Medicine
  IDS-301 Field Work in Medicine
  IGD-101 Introduction to Intergroup Dialogue
  MTH-335 Mathematical Models and Applications
  MTH-340 Probability
  MTH-341 Mathematical Statistics
  MXP-216 Medical Mysteries and Histories
  MXP-260 Botswana Paradox
  MXP-300 Poverty, Medicine and the Law: Greenville’s Medical-Legal Partnership
  PHL-302 Clinical Medical Ethics
  PHL-305 Bioethics
  PHL-415 Philosophy of Sex and Love
  POL-205 Public Policy in the United States
  POL-213 Environmental Policy
  POL-214 Environmental Law
  POL-218 Healthcare, Public Policy, & Law
  POL-416 Farm
  PSY-210 Poverty and Child Development
  PSY-214 Health Psychology
  PSY-218 Adult Psychopathology
  SCI-201 Microbes and Society
  SOC-120 Farm to Fork: Sociology of Food Systems
  SOC-201 Contemporary Social Issues
  SOC-234 Medical Sociology
  SOC-260 Global Health Inequalities
  SOC-262 Social Determinants of Health
  SPN-205 Beginner Medical Spanish
  SPN-302 Medical Spanish
  SPN-505 Structured Internship
  SUS-335 Sustainability and Social Justice"
3535,Health Sciences,"Public Health, B.S.",B.S.,"A major must include:
  BIO-111 Foundations of Biology
  HSC-075 Seminar in Public Health (3 semesters required)
  HSC-201 Research and Evaluation in Health Sciences
  HSC-205 Fundamentals of Public Health
  HSC-304 Environmental Health
  HSC-305 Global Public Health
  HSC-307 Health Systems, Services and Policy Administration
  HSC-401 Epidemiology
  HSC-001 Basic Life Support
  HSC-465 Public Health Capstone
  MTH-120 Introduction to Statistics

and, at least twelve additional credits from two or more departments with no more than 4 credits from Health Sciences (HSC) and no more than 4 credits from courses completed during the May Experience
  AST-250 Human Development in Contemporary Asia
  AST-255 Poverty, Gender and Development in India
  AST-260 Environment and Health in India
  BIO-301 Microbiology
  BIO-330 Public Health Biology
  BIO-350 Infectious Disease Ecology
  BIO-360 Infectious Disease in Movies: Fact and Fiction
  BIO-435 Agroecology
  BIO-470 Immunology
  BUS-423 Consumer Behavior
  CSC-272 Introduction to Data Mining
  ECN-233 Economics of Gender
  ECN-234 Urban Economics
  ECN-236 Economics of the Environment
  ECN-237 Economics of Poverty and Inequality
  ECN-238 Public Economics
  ECN-242 Health Economics
  ECN-245 Development Economics
  ECN-331 Empirical Methods in Economics
  EES-201 Geographic Information Systems
  EST-301 Environment and Society
  HSC-151 Current Issues in Public Health
  HSC-300 Chronic Disease: Epidemiology and Prevention
  HSC-302 Physical Activity and Public Health
  HSC-306 Nutrition and Public Health
  HSC-342 Pathophysiology of Chronic Diseases
  HSC-343 Pathophysiology of Infectious Diseases
  HSC-501 Independent Study
  HSC-502 Research
  HSC-505 Structured Internship
  HST-310 History of Western Medicine
  IDS-301 Field Work in Medicine
  IGD-101 Introduction to Intergroup Dialogue
  MTH-335 Mathematical Models and Applications
  MTH-340 Probability
  MTH-341 Mathematical Statistics
  MXP-216 Medical Mysteries and Histories
  MXP-260 Botswana Paradox
  MXP-300 Poverty, Medicine and the Law: Greenville’s Medical-Legal Partnership
  PHL-302 Clinical Medical Ethics
  PHL-305 Bioethics
  PHL-415 Philosophy of Sex and Love
  POL-205 Public Policy in the United States
  POL-213 Environmental Policy
  POL-214 Environmental Law
  POL-218 Healthcare, Public Policy, & Law
  POL-416 Farm
  PSY-210 Poverty and Child Development
  PSY-214 Health Psychology
  PSY-218 Adult Psychopathology
  SCI-201 Microbes and Society
  SOC-120 Farm to Fork: Sociology of Food Systems
  SOC-201 Contemporary Social Issues
  SOC-234 Medical Sociology
  SOC-260 Global Health Inequalities
  SOC-262 Social Determinants of Health
  SPN-205 Beginner Medical Spanish
  SPN-302 Medical Spanish
  SPN-505 Structured Internship
  SUS-335 Sustainability and Social Justice"
3489,History,"History, B.A.",B.A.,"A major consists of at least ten courses and must include:

one foundation course focused on European history:
  HST-100 European History - Exam Equivalency
  HST-101 Europe in the Ancient World
  HST-102 Europe in the Medieval World
  HST-103 Europe in the Early Modern World
  HST-104 Europe in the Modern World

one foundation course in North American history:
  HST-120 American History - Exam Equivalency
  HST-121 North America and the World to 1877
  HST-122 United States and the World since 1877

one foundation course considering the history of Africa, Asia, Latin America, the Middle East, or the World:
  HST-111 Passages in the Ancient and Medieval World
  HST-112 Passages in the Early Modern World
  HST-113 Passages in the Modern World
  HST-130 World History - Exam Equivalency
  HST-141 Latin America in the Early Modern World
  HST-142 Latin America in the Modern World
  HST-145 Africa in the Modern World
  HST-151 Middle East in the Ancient World
  HST-152 Middle East in the Early Modern World
  HST-153 Middle East in the Modern World
  HST-155 South Asia in the Ancient and Early Modern World
  HST-156 India in the Modern World
  HST-161 Japan in the Ancient and Early Modern World
  HST-162 Japan in the Modern World
  HST-165 China in the Ancient and Early Modern World
  HST-166 China in the Modern World

16 credits from history courses numbered 200 or greater

at least four additional credits (usually two, two-credit classes) from “skills-based” courses numbered between HST-237 and HST-252

a two-semester-long senior seminar:
  HST-475 Senior Seminar in History
  HST-476 Senior Seminar in History II

At least one of the courses required for the history major must focus on the “pre-modern era.”
  HST-101 Europe in the Ancient World
  HST-102 Europe in the Medieval World
  HST-103 Europe in the Early Modern World
  HST-141 Latin America in the Early Modern World
  HST-151 Middle East in the Ancient World
  HST-152 Middle East in the Early Modern World
  HST-155 South Asia in the Ancient and Early Modern World
  HST-161 Japan in the Ancient and Early Modern World
  HST-165 China in the Ancient and Early Modern World
  HST-201 Fall of Rome
  HST-203 The Crusades
  HST-206 European Reformations
  HST-207 Germany and the 30 Years’ War
  HST-208 Tudor-Stuart England

First year seminar
One first year writing seminar taught by a member of the history department may also contribute to the major…., but will not be considered one of the three required foundation courses. Further, no more than two exam equivalency courses (HST-100, 120, or 130) and/or first year writing seminars may contribute to major requirements.

All exceptions to major requirements must be approved by the department chair."
3490,Interdisciplinary Studies,Africana Studies Minor,Minor,"To fulfill interdisciplinary minor requirements, students must complete at least four courses from at least three separate disciplines which must include:
  AFS-400 Africana Studies Capstone Course or
  POL-274 Black Political Thought
  HST-229 African-American Experience or
  ENG-346 American Slavery and the Novel

and, at least two more courses in the field:
  ANT-302 Anthropology of Race and Ethnicity
  COM-318 African American Rhetoric
  COM-323 Race, Class and Gender in Media
  ENG-356 Faulkner
  ENG-293 Literature of the South
  ENG-346 American Slavery and the Novel
  ENG-292 African-American Drama
  HST-224 American Civil War Era
  HST-229 African-American Experience
  HST-235 The Civil Rights Movement
  HST-236 The United States South
  HST-237 South Carolina
  POL-204 Civil Rights and the United States Constitution
  POL-208 Urban Politics
  POL-209 Southern Politics
  POL-210 Interest Groups and Political Movements
  POL-211 Racial and Ethnic Politics
  POL-274 Black Political Thought
  REL-232 African-American Religious History
  REL-233 Martin Luther King and the Religion of Social Reform
  SOC-223 Urban Community
  SOC-251 Social Movements and Collective Behavior"
3491,Interdisciplinary Studies,Ancient Greek and Roman Studies Minor,Minor,"Required Courses (20 credits):
Select at least one course (4 credits) in CLS at the 300 level from the following:
Select at least 4 courses (16 credits) in three unique disciplines, with at least 12 credits above the 100 level from the following:
  ART-253 Art & Death
  ART-256 Art & Politics
  ART-258 Embodied Representations: Art, Bodies, & Identities
  CLS-101 Homer for Everyone
  CLS-102 Classics: The Basics
  CLS-103 Mythology
  CLS-104 Sport and Violence in the Ancient World
  CLS-105 The Ancient World in 50 Archaeological Objects
  CLS-212 Geography and Travel in the Ancient Mediterranean Catalog
  CLS-213 Inventing the Book
  CLS-214 Law and Order: Greece & Rome
  CLS-215 Science and Innovation in Antiquity
  CLS-216 Historical Linguistics & PIE
  CLS-222 Title The Invention of Archaeology
  CLS-223 Immigration and Integration in Greece and Rome
  CLS-232 Guide to the Good Life
  CLS-233 The Art of Poetry
  CLS-311 Business and Entrepreneurship in Greece and Rome
  CLS-321 Polytheism and Its Problems
  CLS-322 The Power in Democracy
  CLS-323 What is “Western Civilization”?
  CLS-331 Constructing Identities
  CLS-332 Women and Power in Antiquity
  CLS-401 Seminar in Classics
  CLS-504 Directed Independent Study
  COM-201 Rhetoric and Strategy
  COM-311 Rhetoric in the Ancient World
  FYW-1141 Homer and History
  GRK-201 Intermediate Greek
  GRK-315 Ancient Greek: Translation & Research
  GRK-325 Ancient Greek: Intensive Readings
  HST-101 Europe in the Ancient World
  HST-102 Europe in the Medieval World
  HST-111 Passages in the Ancient and Medieval World
  HST-201 Fall of Rome
  LTN-201 Intermediate Latin I
  LTN-315 Latin: Translation & Research Methods
  LTN-325 Latin: Intensive Readings
  PHL-210 Ancient Philosophy
  POL-103 Introduction to Political Thought
  POL-270 Classical Political Thought
  REL-211 New Testament and Early Christianity
  REL-235 History of Christianity to 600 CE
  REL-251 Jerusalem: One City, Three Faiths
  REL-252 Judaism in the Time of Jesus
  REL-269 Art and Religion in Turkey
  REL-270 Religious Studies in Turkey
  REL-318 Jesus and the Gospels
  REL-319 Paul’s Life and Thought
  REL-322 Muhammad and the Qur’an
  THA-210 Theatre History of Europe and North America

High-Impact experience
By their Senior year, students must complete a Furman Engaged presentation on a topic related to Ancient Greek and Roman Studies. The presentation can engage with a topic covered in one of the courses counting toward the minor or in another engaged experience, such as Study Away, Internships, Summer Research, or Individual Study. Students are encouraged, but not required, to use the CLS-300 course for the presentation.

Notes:

Discretional approval of other courses and experiences
Students can petition with the AGRS Oversight Committee to obtain approval of other courses and experiences toward the AGRS requirements, on a case-by-case basis.
Activities that may be approved include the following:
Other courses that deal significantly with content close to the AGRS themes, such as courses in Archaeology, Anthropology, Medieval and Early Modern History may be considered for discretional approval."
3548,Interdisciplinary Studies,Data Analytics Minor,Minor,"Required courses:
  CSC-121 Intro to Computer Programming
  CSC-272 Introduction to Data Mining
  MTH-245 Statistical Methods I with R

Electives:
Eight credits must be completed from the list of elective courses below (four credits of which must have a prefix that is not MTH or CSC):
  ACC-350 Accounting Information Systems
  BIO-222 Research and Analysis
  BIO-431 Landscape Ecology and Conservation
  BIO-445 Genomics and Bioinformatics
  BUS-230 Business Analytics
  BUS-337 Intermediate Business Analytics
  CHM-240 Experimental Techniques
  CHM-330 Analytical Chemistry
  CSC-341 Database Management Systems
  CSC-343 Artificial Intelligence
  CSC-372 Machine Learning with Big Data
  ECN-331 Empirical Methods in Economics
  ECN-475 Senior Seminar in Economics (specific topics approved by the oversight committee)
  EES-201 Geographic Information Systems
  EES-301 Remote Sensing
  HSC-201 Research and Evaluation in Health Sciences
  HSC-401 Epidemiology
  MTH-335 Mathematical Models and Applications
  MTH-337 Operations Research
  MTH-340 Probability
  MTH-341 Mathematical Statistics
  MTH-345 Statistical Methods II with R
  PSY-202 Data Analysis in Psychology
  SOC-303 Quantitative Research Seminar
  SOC-304 Qualitative Research Seminar
  SUS-242 Dynamic System Modeling

Additional requirements:
Each student must present an analytics-related project at Furman Engaged or an approved Furman Engaged-like venue to satisfy the minor requirements."
3557,Interdisciplinary Studies,Digital Ethics Minor,Minor,
3493,Interdisciplinary Studies,Environmental Studies Minor,Minor,
3494,Interdisciplinary Studies,Film Studies Minor,Minor,
3495,Interdisciplinary Studies,Humanities Minor,Minor,
3552,Interdisciplinary Studies,Journalism Minor,Minor,
3496,Interdisciplinary Studies,Latin American and Latinx Studies Minor,Minor,
3492,Interdisciplinary Studies,Linguistics Minor,Minor,
3530,Interdisciplinary Studies,"Medicine, Health and Culture Minor",Minor,
3558,Interdisciplinary Studies,Medieval and Early Modern Studies Minor,Minor,
3498,Interdisciplinary Studies,Middle East and Islamic Studies Minor,Minor,
3545,Interdisciplinary Studies,Musical Theatre Minor,Minor,
3501,Interdisciplinary Studies,Poverty Studies Minor,Minor,
3504,Interdisciplinary Studies,Science Education Minor,Minor,
3549,Interdisciplinary Studies,Visual Strategy Minor,Minor,
3506,Interdisciplinary Studies,"Women’s, Gender, and Sexuality Studies Minor",Minor,
3513,Mathematics,"Applied Mathematics, B.S.",B.S.,
3507,Mathematics,"Mathematics, B.A.",B.A.,
3508,Mathematics,"Mathematics, B.S.",B.S.,
3550,Mathematics,"Mathematics-Economics, B.A.",B.A.,
3551,Mathematics,"Mathematics-Economics, B.S.",B.S.,
3519,Military Science,Military Science,,
3520,Modern Languages and Literatures,"French, B.A.",B.A.,
3521,Modern Languages and Literatures,"German Studies, B.A.",B.A.,
3522,Modern Languages and Literatures,"Spanish, B.A.",B.A.,
3503,Music,"Composition, B.M.",B.M.,
3510,Music,"Music Education, Choral Music Emphasis, B.M.",B.M.,
3509,Music,"Music Education, Instrumental, B.M.",B.M.,
3502,Music,"Music Theory, B.M.",B.M.,
3497,Music,"Music, B.A.",B.A.,
3511,Music,"Performance, Organ Emphasis, B.M.",B.M.,
3512,Music,"Performance, Piano Emphasis, B.M.",B.M.,
3514,Music,"Performance, Strings Emphasis, B.M.",B.M.,
3515,Music,"Performance, Vocal Emphasis, B.M.",B.M.,
3516,Music,"Performance, Wind or Percussion Emphasis, B.M.",B.M.,
3499,Neuroscience Program,"Neuroscience, B.S.",B.S.,
3505,Philosophy,"Philosophy, B.A.",B.A.,
3518,Physics,"Dual-Degree Engineering Program, Applied Physics B.S.",B.S.,
3533,Physics,"Dual-Degree Engineering Program, Physics B.S.",B.S.,
3517,Physics,"Physics, B.S.",B.S.,
3524,Politics and International Affairs,"Politics and International Affairs, B.A.",B.A.,
3523,Psychology,"Psychology, B.A.",B.A.,
3526,Psychology,"Psychology, B.S.",B.S.,
3525,Religion,"Religion, B.A.",B.A.,
3527,Sociology,"Sociology, B.A.",B.A.,
3529,Theatre Arts,"Theatre Arts, B.A.",B.A.,
3556,Theatre Arts,"Theatre Studies, B.A.",B.A.,
3528,Urban Studies Program,"Urban Studies, B.A.",B.A.,
3538,"Women’s, Gender, and Sexuality Studies","Women’s, Gender, and Sexuality Studies, B.A",B.A.,
